NUMBER,ROUTE,DAYS
1003,IPS-BHI (ALL STATIONS),M-F
1005,RSW-BHI (ALL STATIONS),M-F
1029,SFC-BHI (ALL STATIONS),M-F
1031,IPS-BHI (ALL STATIONS),M-F
1043,BNH-BHI (ALL STATIONS),M-F
10U5,RSW-BHI (EXP DAR-IDP-MTZ),M-F
10U9,IPS-BHI (EXP DAR-IDP-MTZ),M-F
1115,IPS-CAB (ALL STATIONS),M-F
1125,IPS-CAB (ALL STATIONS),M-F
1131,RST-CAB (ALL STATIONS),M-F
1137,SFC-CAB (ALL STATIONS),M-F
1139,RST-CAB (ALL STATIONS),M-F
1153,RST-CAB (ALL STATIONS),M-F
1155,RST-CAB (ALL STATIONS),M-F
1161,IPS-CAB (ALL STATIONS),M-F
1502,BHI-IPS (ALL STATIONS),SAT
1502,BHI-IPS (ALL STATIONS),SUN
1516,CAB-IPS (EXP PET-NTG),M-F
1523,RSW-IPS (ALL STATIONS),M-F
1532,CAB-IPS (EXP PET-NTG),M-F
1554,CAB-IPS (EXP PET-NTG),M-F
1558,BHI-IPS (ALL STATIONS),M-F
15Y4,BHI-IPS (EXP MTZ-IDP-DAR),M-F
1610,IPS-RSW (ALL STATIONS),M-F
1626,IPS-RSW (ALL STATIONS),M-F
1636,CAB-RSW (EXP PET-NTG),M-F
16A0,CAB-IPS (EXP PET-NTG),M-F
16X0,BHI-RSW (EXP MTZ-IDP-DAR),M-F
16Y0,BHI-RSW (EXP MTZ-IDP-DAR),M-F
1702,BHI-BNH (ALL STATIONS),M-F
1702,BHI-BNH (ALL STATIONS),SAT
1702,BHI-BNH (ALL STATIONS),SUN
1704,BHI-BNH (ALL STATIONS),M-F
1704,BHI-BNH (ALL STATIONS),SAT
1704,BHI-BNH (ALL STATIONS),SUN
1706,BHI-BNH (ALL STATIONS),M-F
1706,FYG-BNH (ALL STATIONS),SAT
1706,BHI-BNH (ALL STATIONS),SUN
1708,FYG-BNH (ALL STATIONS),M-F
1708,FYG-BNH (ALL STATIONS),SAT
1708,BHI-BNH (ALL STATIONS),SUN
1710,FYG-BNH (ALL STATIONS),M-F
1710,FYG-BNH (ALL STATIONS),SAT
1710,FYG-BNH (ALL STATIONS),SUN
1712,FYG-BNH (ALL STATIONS),M-F
1712,FYG-BNH (ALL STATIONS),SAT
1712,FYG-BNH (ALL STATIONS),SUN
1714,FYG-BNH (ALL STATIONS),M-F
1714,FYG-BNH (ALL STATIONS),SAT
1714,FYG-BNH (ALL STATIONS),SUN
1716,FYG-BNH (ALL STATIONS),M-F
1716,FYG-BNH (ALL STATIONS),SAT
1716,FYG-BNH (ALL STATIONS),SUN
1718,FYG-BNH (ALL STATIONS),M-F
1718,FYG-BNH (ALL STATIONS),SAT
1718,FYG-BNH (ALL STATIONS),SUN
1720,FYG-BNH (ALL STATIONS),M-F
1720,FYG-BNH (ALL STATIONS),SAT
1720,FYG-BNH (ALL STATIONS),SUN
1722,FYG-BNH (ALL STATIONS),M-F
1722,FYG-BNH (ALL STATIONS),SAT
1722,FYG-BNH (ALL STATIONS),SUN
1724,FYG-BNH (ALL STATIONS),SAT
1724,FYG-BNH (ALL STATIONS),SUN
1726,FYG-BNH (ALL STATIONS),SAT
1726,FYG-BNH (ALL STATIONS),SUN
1728,FYG-BNH (ALL STATIONS),M-F
1728,FYG-BNH (ALL STATIONS),SAT
1728,FYG-BNH (ALL STATIONS),SUN
1730,FYG-BNH (ALL STATIONS),SAT
1730,FYG-BNH (ALL STATIONS),SUN
1732,FYG-BNH (ALL STATIONS),M-F
1732,FYG-BNH (ALL STATIONS),SAT
1732,FYG-BNH (ALL STATIONS),SUN
1734,FYG-BNH (ALL STATIONS),M-F
1734,FYG-BNH (ALL STATIONS),SAT
1734,FYG-BNH (ALL STATIONS),SUN
1736,FYG-BNH (ALL STATIONS),M-F
1736,FYG-BNH (ALL STATIONS),SAT
1736,FYG-BNH (ALL STATIONS),SUN
1738,FYG-BNH (ALL STATIONS),M-F
1738,FYG-BNH (ALL STATIONS),SAT
1738,FYG-BNH (ALL STATIONS),SUN
1740,FYG-BNH (ALL STATIONS),M-F
1740,FYG-BNH (ALL STATIONS),SAT
1740,FYG-BNH (ALL STATIONS),SUN
1742,FYG-BNH (ALL STATIONS),M-F
1742,FYG-BNH (ALL STATIONS),SAT
1742,FYG-BNH (ALL STATIONS),SUN
1744,FYG-BNH (ALL STATIONS),M-F
1744,FYG-BNH (ALL STATIONS),SAT
1744,FYG-BNH (ALL STATIONS),SUN
1746,FYG-BNH (ALL STATIONS),M-F
1746,FYG-BNH (ALL STATIONS),SAT
1746,FYG-BNH (ALL STATIONS),SUN
1748,FYG-BNH (ALL STATIONS),M-F
1748,FYG-BNH (ALL STATIONS),SAT
1748,FYG-BNH (ALL STATIONS),SUN
1750,FYG-BNH (ALL STATIONS),M-F
1750,FYG-BNH (ALL STATIONS),SAT
1750,FYG-BNH (ALL STATIONS),SUN
1752,FYG-BNH (ALL STATIONS),M-F
1752,FYG-BNH (ALL STATIONS),SAT
1752,FYG-BNH (ALL STATIONS),SUN
1754,FYG-BNH (ALL STATIONS),M-F
1754,FYG-BNH (ALL STATIONS),SAT
1754,FYG-BNH (ALL STATIONS),SUN
1756,FYG-BNH (ALL STATIONS),SAT
1756,FYG-BNH (ALL STATIONS),SUN
1758,FYG-BNH (ALL STATIONS),M-F
1758,FYG-BNH (ALL STATIONS),SAT
1758,FYG-BNH (ALL STATIONS),SUN
1760,FYG-BNH (ALL STATIONS),SAT
1760,FYG-BNH (ALL STATIONS),SUN
1762,FYG-BNH (ALL STATIONS),M-F
1762,FYG-BNH (ALL STATIONS),SAT
1762,FYG-BNH (ALL STATIONS),SUN
1764,FYG-BNH (ALL STATIONS),M-F
1764,FYG-BNH (ALL STATIONS),SAT
1764,FYG-BNH (ALL STATIONS),SUN
1766,FYG-BNH (ALL STATIONS),M-F
1766,FYG-BNH (ALL STATIONS),SAT
1766,FYG-BNH (ALL STATIONS),SUN
1768,FYG-BNH (ALL STATIONS),M-F
1768,FYG-BNH (ALL STATIONS),SAT
1768,FYG-BNH (ALL STATIONS),SUN
1770,FYG-BNH (ALL STATIONS),SAT
1770,FYG-BNH (ALL STATIONS),SUN
1772,FYG-BNH (ALL STATIONS),M-F
1772,FYG-BNH (ALL STATIONS),SAT
1772,FYG-BNH (ALL STATIONS),SUN
1774,FYG-BNH (ALL STATIONS),M-F
1774,FYG-BNH (ALL STATIONS),SAT
1774,FYG-BNH (ALL STATIONS),SUN
1776,FYG-BNH (ALL STATIONS),M-F
1776,FYG-BNH (ALL STATIONS),SAT
1778,FYG-BNH (ALL STATIONS),M-F
1778,FYG-BNH (ALL STATIONS),SAT
1780,FYG-BNH (ALL STATIONS),SAT
1782,FYG-BNH (ALL STATIONS),M-F
1782,FYG-BNH (ALL STATIONS),SAT
1784,FYG-BNH (ALL STATIONS),M-F
1786,FYG-BNH (ALL STATIONS),M-F
1788,FYG-BNH (ALL STATIONS),M-F
1790,FYG-BNH (ALL STATIONS),M-F
1792,FYG-BNH (ALL STATIONS),M-F
1794,FYG-BNH (ALL STATIONS),M-F
1796,FYG-BNH (ALL STATIONS),M-F
17Z0,FYG-BNH (EXP BGR-MQK),M-F
1804,BHI-CVN (ALL STATIONS),M-F
1806,SHC-CVN (ALL STATIONS),SUN
1814,SHC-CVN (ALL STATIONS),SAT
1814,SHC-CVN (ALL STATIONS),SUN
1816,SHC-CVN (ALL STATIONS),SAT
1816,SHC-CVN (ALL STATIONS),SUN
1818,SHC-CVN (ALL STATIONS),M-F
1822,SHC-CVN (ALL STATIONS),M-F
1822,SHC-CVN (ALL STATIONS),SUN
1826,SHC-CVN (ALL STATIONS),M-F
1830,SHC-CVN (ALL STATIONS),SAT
1830,SHC-CVN (ALL STATIONS),SUN
1832,SHC-CVN (ALL STATIONS),M-F
1832,SHC-CVN (ALL STATIONS),SAT
1832,SHC-CVN (ALL STATIONS),SUN
1836,SHC-CVN (ALL STATIONS),M-F
1838,SHC-CVN (ALL STATIONS),SUN
1842,SHC-CVN (ALL STATIONS),M-F
1846,SHC-CVN (ALL STATIONS),SAT
1846,SHC-CVN (ALL STATIONS),SUN
1848,SHC-CVN (ALL STATIONS),M-F
1848,SHC-CVN (ALL STATIONS),SAT
1848,SHC-CVN (ALL STATIONS),SUN
1852,SHC-CVN (ALL STATIONS),M-F
1854,NTG-CVN (ALL STATIONS),M-F
1854,SHC-CVN (ALL STATIONS),SUN
1858,NTG-CVN (ALL STATIONS),M-F
1862,SHC-CVN (ALL STATIONS),M-F
1862,SHC-CVN (ALL STATIONS),SAT
1862,SHC-CVN (ALL STATIONS),SUN
1864,SHC-CVN (ALL STATIONS),SAT
1864,SHC-CVN (ALL STATIONS),SUN
1866,SHC-CVN (ALL STATIONS),M-F
1868,BHI-CVN (ALL STATIONS),SUN
1870,SHC-CVN (ALL STATIONS),SUN
1872,SHC-CVN (ALL STATIONS),M-F
1874,SHC-CVN (ALL STATIONS),M-F
1876,SHC-CVN (ALL STATIONS),M-F
1878,SHC-CVN (ALL STATIONS),SAT
1880,SHC-CVN (ALL STATIONS),M-F
1880,SHC-CVN (ALL STATIONS),SAT
1882,BHI-CVN (ALL STATIONS),SAT
1884,SHC-CVN (ALL STATIONS),M-F
1886,SHC-CVN (ALL STATIONS),M-F
1888,SHC-CVN (ALL STATIONS),M-F
1894,SHC-CVN (ALL STATIONS),M-F
1896,SHC-CVN (ALL STATIONS),M-F
1898,SHC-CVN (ALL STATIONS),M-F
18A0,SHC-CVN (ALL STATIONS),M-F
18A2,SHC-CVN (ALL STATIONS),M-F
18A4,SHC-CVN (ALL STATIONS),M-F
18X2,BHI-CVN (EXP MJE-MNY),M-F
18X6,BHI-CVN (EXP MJE-MNY),M-F
1956,KPR-RST (EXP NTG-EGJ-BHI),M-F
1960,KPR-RST (EXP NTG-EGJ-BHI),M-F
1968,NTG-RST (ALL STATIONS),M-F
1972,NTG-RST (ALL STATIONS),M-F
1A01,RST-SHC (ALL STATIONS),SUN
1A07,CVN-SHC (ALL STATIONS),M-F
1A07,CVN-SHC (ALL STATIONS),SAT
1A09,CVN-SHC (ALL STATIONS),SAT
1A09,CVN-SHC (ALL STATIONS),SUN
1A11,CVN-SHC (ALL STATIONS),M-F
1A11,CVN-SHC (ALL STATIONS),SUN
1A17,CVN-SHC (ALL STATIONS),M-F
1A17,CVN-SHC (ALL STATIONS),SUN
1A19,MNY-SHC (ALL STATIONS),M-F
1A23,CVN-SHC (ALL STATIONS),SAT
1A25,CVN-SHC (ALL STATIONS),SAT
1A25,CVN-SHC (ALL STATIONS),SUN
1A27,MNY-SHC (ALL STATIONS),M-F
1A27,CVN-SHC (ALL STATIONS),SUN
1A29,MNY-SHC (ALL STATIONS),M-F
1A33,CVN-SHC (ALL STATIONS),SUN
1A39,CVN-SHC (ALL STATIONS),SAT
1A41,CVN-SHC (ALL STATIONS),M-F
1A41,CVN-SHC (ALL STATIONS),SAT
1A41,CVN-SHC (ALL STATIONS),SUN
1A43,CVN-SHC (ALL STATIONS),SUN
1A47,CVN-SHC (ALL STATIONS),M-F
1A49,CVN-SHC (ALL STATIONS),SUN
1A51,CVN-SHC (ALL STATIONS),M-F
1A55,CVN-SHC (ALL STATIONS),SAT
1A57,CVN-SHC (ALL STATIONS),M-F
1A57,CVN-SHC (ALL STATIONS),SAT
1A57,CVN-SHC (ALL STATIONS),SUN
1A59,CVN-SHC (ALL STATIONS),SUN
1A65,CVN-SHC (ALL STATIONS),SUN
1A69,CVN-SHC (ALL STATIONS),M-F
1A71,CVN-SHC (ALL STATIONS),SAT
1A73,CVN-SHC (ALL STATIONS),SAT
1A75,CNQ-SHC (ALL STATIONS),M-F
1A77,CVN-SHC (ALL STATIONS),M-F
1A79,CVN-SHC (ALL STATIONS),M-F
1A83,CVN-SHC (EXP MNY-MJE),M-F
1A87,CVN-SHC (EXP MNY-MJE),M-F
1A91,CVN-SHC (ALL STATIONS),M-F
1A95,CVN-SHC (ALL STATIONS),M-F
1AA1,CVN-SHC (ALL STATIONS),M-F
1AA3,CVN-SHC (ALL STATIONS),M-F
1AA5,CVN-SHC (ALL STATIONS),M-F
1AA7,CVN-SHC (ALL STATIONS),M-F
1AA9,CVN-SHC (ALL STATIONS),M-F
1AB1,CVN-SHC (ALL STATIONS),M-F
1AB7,CVN-SHC (ALL STATIONS),M-F
1B03,RST-DBN (ALL STATIONS),M-F
1B03,RST-DBN (ALL STATIONS),SUN
1B07,BGR-DBN (ALL STATIONS),SUN
1B11,BGR-DBN (ALL STATIONS),SUN
1B15,BGR-DBN (ALL STATIONS),SUN
1B19,BGR-DBN (ALL STATIONS),SUN
1B23,BGR-DBN (ALL STATIONS),SUN
1D22,KPR-RST (EXP NTG-EGJ-BHI),M-F
1D30,CAB-RST (EXP PET-NTG),M-F
1D44,KPR-RST (EXP NTG-EGJ-BHI),M-F
1E01,RST-FYG (ALL STATIONS),M-F
1E01,RST-FYG (ALL STATIONS),SAT
1E01,RST-FYG (ALL STATIONS),SUN
1E03,RST-FYG (ALL STATIONS),M-F
1E03,RST-FYG (ALL STATIONS),SAT
1E03,RST-FYG (ALL STATIONS),SUN
1E05,RST-FYG (ALL STATIONS),SAT
1E05,RST-FYG (ALL STATIONS),SUN
1E07,RST-FYG (ALL STATIONS),M-F
1E07,BNH-FYG (ALL STATIONS),SAT
1E07,BNH-FYG (ALL STATIONS),SUN
1E09,BNH-FYG (ALL STATIONS),SAT
1E09,BNH-FYG (ALL STATIONS),SUN
1E11,BNH-FYG (ALL STATIONS),M-F
1E11,BNH-FYG (ALL STATIONS),SAT
1E11,BNH-FYG (ALL STATIONS),SUN
1E13,BNH-FYG (ALL STATIONS),M-F
1E13,BNH-FYG (ALL STATIONS),SAT
1E13,BNH-FYG (ALL STATIONS),SUN
1E15,BNH-FYG (ALL STATIONS),M-F
1E15,BNH-FYG (ALL STATIONS),SAT
1E15,BNH-FYG (ALL STATIONS),SUN
1E17,BNH-FYG (ALL STATIONS),SAT
1E17,BNH-FYG (ALL STATIONS),SUN
1E19,BNH-FYG (ALL STATIONS),M-F
1E19,BNH-FYG (ALL STATIONS),SAT
1E19,BNH-FYG (ALL STATIONS),SUN
1E21,RST-FYG (ALL STATIONS),M-F
1E21,BNH-FYG (ALL STATIONS),SAT
1E21,BNH-FYG (ALL STATIONS),SUN
1E23,BNH-FYG (ALL STATIONS),M-F
1E23,BNH-FYG (ALL STATIONS),SAT
1E23,BNH-FYG (ALL STATIONS),SUN
1E25,BNH-FYG (ALL STATIONS),SAT
1E25,BNH-FYG (ALL STATIONS),SUN
1E27,BNH-FYG (ALL STATIONS),M-F
1E27,BNH-FYG (ALL STATIONS),SAT
1E27,BNH-FYG (ALL STATIONS),SUN
1E29,BNH-FYG (ALL STATIONS),SAT
1E29,BNH-FYG (ALL STATIONS),SUN
1E31,RST-FYG (ALL STATIONS),M-F
1E31,BNH-FYG (ALL STATIONS),SAT
1E31,BNH-FYG (ALL STATIONS),SUN
1E33,BNH-FYG (ALL STATIONS),M-F
1E33,BNH-FYG (ALL STATIONS),SAT
1E33,BNH-FYG (ALL STATIONS),SUN
1E35,BNH-FYG (ALL STATIONS),SAT
1E35,BNH-FYG (ALL STATIONS),SUN
1E37,BNH-FYG (ALL STATIONS),M-F
1E37,BNH-FYG (ALL STATIONS),SAT
1E37,BNH-FYG (ALL STATIONS),SUN
1E39,BNH-FYG (ALL STATIONS),M-F
1E39,BNH-FYG (ALL STATIONS),SAT
1E39,BNH-FYG (ALL STATIONS),SUN
1E41,BNH-FYG (ALL STATIONS),M-F
1E41,BNH-FYG (ALL STATIONS),SAT
1E41,BNH-FYG (ALL STATIONS),SUN
1E43,BNH-FYG (ALL STATIONS),SAT
1E43,BNH-FYG (ALL STATIONS),SUN
1E45,BNH-FYG (ALL STATIONS),M-F
1E45,BNH-FYG (ALL STATIONS),SAT
1E45,BNH-FYG (ALL STATIONS),SUN
1E47,BNH-FYG (ALL STATIONS),SAT
1E47,BNH-FYG (ALL STATIONS),SUN
1E49,BNH-FYG (ALL STATIONS),M-F
1E49,BNH-FYG (ALL STATIONS),SAT
1E49,BNH-FYG (ALL STATIONS),SUN
1E51,KRY-FYG (ALL STATIONS),M-F
1E51,BNH-FYG (ALL STATIONS),SAT
1E51,BNH-FYG (ALL STATIONS),SUN
1E53,BNH-FYG (ALL STATIONS),M-F
1E53,BNH-FYG (ALL STATIONS),SAT
1E53,BNH-FYG (ALL STATIONS),SUN
1E55,BNH-FYG (ALL STATIONS),SAT
1E55,BNH-FYG (ALL STATIONS),SUN
1E57,BNH-FYG (ALL STATIONS),M-F
1E57,BNH-FYG (ALL STATIONS),SAT
1E57,BNH-FYG (ALL STATIONS),SUN
1E59,CEP-FYG (ALL STATIONS),M-F
1E59,BNH-FYG (ALL STATIONS),SAT
1E59,BNH-FYG (ALL STATIONS),SUN
1E61,BNH-FYG (ALL STATIONS),M-F
1E61,BNH-FYG (ALL STATIONS),SAT
1E61,BNH-FYG (ALL STATIONS),SUN
1E63,CEP-FYG (ALL STATIONS),M-F
1E63,BNH-FYG (ALL STATIONS),SAT
1E63,BNH-FYG (ALL STATIONS),SUN
1E65,BNH-FYG (ALL STATIONS),M-F
1E65,BNH-FYG (ALL STATIONS),SAT
1E65,BNH-FYG (ALL STATIONS),SUN
1E67,CEP-FYG (ALL STATIONS),M-F
1E67,BNH-FYG (ALL STATIONS),SAT
1E67,BNH-FYG (ALL STATIONS),SUN
1E69,BNH-FYG (ALL STATIONS),M-F
1E69,BNH-FYG (ALL STATIONS),SAT
1E69,BNH-FYG (ALL STATIONS),SUN
1E71,CEP-FYG (ALL STATIONS),M-F
1E71,BNH-FYG (ALL STATIONS),SAT
1E71,BNH-FYG (ALL STATIONS),SUN
1E73,BNH-FYG (ALL STATIONS),M-F
1E73,BNH-FYG (ALL STATIONS),SAT
1E73,BNH-FYG (ALL STATIONS),SUN
1E75,CEP-FYG (ALL STATIONS),M-F
1E75,BNH-FYG (ALL STATIONS),SAT
1E77,BNH-FYG (ALL STATIONS),SAT
1E79,CEP-FYG (ALL STATIONS),M-F
1E79,BNH-FYG (ALL STATIONS),SAT
1E81,BNH-FYG (ALL STATIONS),SAT
1E83,CEP-FYG (ALL STATIONS),M-F
1E85,BNH-FYG (ALL STATIONS),M-F
1E87,CEP-FYG (ALL STATIONS),M-F
1E91,CEP-FYG (ALL STATIONS),M-F
1E93,BNH-FYG (ALL STATIONS),M-F
1E95,CEP-FYG (ALL STATIONS),M-F
1E97,BNH-FYG (ALL STATIONS),M-F
1EA1,BNH-FYG (ALL STATIONS),M-F
1EA5,BNH-FYG (ALL STATIONS),M-F
1EA7,RST-FYG (ALL STATIONS),M-F
1EA9,CEP-FYG (ALL STATIONS),M-F
1EB1,BNH-FYG (ALL STATIONS),M-F
1EB3,RST-FYG (ALL STATIONS),M-F
1EB5,CEP-FYG (ALL STATIONS),M-F
1EB7,BNH-FYG (ALL STATIONS),M-F
1EB9,RST-FYG (ALL STATIONS),M-F
1EC3,BNH-FYG (ALL STATIONS),M-F
1EC5,RST-FYG (ALL STATIONS),M-F
1EC7,CEP-FYG (ALL STATIONS),M-F
1EC9,RST-FYG (ALL STATIONS),M-F
1ED1,BNH-FYG (ALL STATIONS),M-F
1ED3,CEP-FYG (ALL STATIONS),M-F
1ED5,BNH-FYG (ALL STATIONS),M-F
1ED9,BNH-FYG (ALL STATIONS),M-F
1EE1,BNH-FYG (ALL STATIONS),M-F
1EE3,BNH-FYG (ALL STATIONS),M-F
1EE5,BNH-FYG (ALL STATIONS),M-F
1EE7,BNH-FYG (ALL STATIONS),M-F
1EE9,BNH-FYG (ALL STATIONS),M-F
1EF1,BNH-FYG (ALL STATIONS),M-F
1EF3,BNH-FYG (ALL STATIONS),M-F
1EF7,BNH-FYG (ALL STATIONS),M-F
1EF9,BNH-FYG (ALL STATIONS),M-F
1EG1,BNH-FYG (ALL STATIONS),M-F
1H02,NTG-MNY (ALL STATIONS),M-F
1H10,NTG-MNY (ALL STATIONS),M-F
1H12,DBN-MNY (ALL STATIONS),M-F
1H16,SHC-CNQ (ALL STATIONS),M-F
1H20,SHC-CNQ (ALL STATIONS),M-F
1H26,NTG-CNQ (ALL STATIONS),M-F
1H28,NTG-CNQ (ALL STATIONS),M-F
1H34,NTG-CNQ (ALL STATIONS),M-F
1H36,NTG-CNQ (ALL STATIONS),M-F
1K28,KPR-SFC (EXP NTG-EGJ-BHI),M-F
1K46,BHI-SFC (ALL STATIONS),M-F
1K52,BHI-SFC (ALL STATIONS),M-F
1K66,BHI-SFC (ALL STATIONS),M-F
1K80,BHI-SFC (ALL STATIONS),M-F
1M07,CVN-BHI (ALL STATIONS),SUN
1M09,BNH-BHI (ALL STATIONS),SUN
1M13,CEP-BHI (ALL STATIONS),M-F
1M15,KRY-BHI (ALL STATIONS),M-F
1M15,CVN-BHI (ALL STATIONS),SUN
1M17,BNH-BHI (ALL STATIONS),SAT
1M17,BNH-BHI (ALL STATIONS),SUN
1M19,BGR-BHI (ALL STATIONS),M-F
1M23,BNH-BHI (ALL STATIONS),SAT
1M25,CEP-BHI (ALL STATIONS),M-F
1M27,CEP-BHI (ALL STATIONS),M-F
1M41,CVN-BHI (ALL STATIONS),M-F
1M43,CVN-BHI (ALL STATIONS),M-F
1M45,BNH-BHI (ALL STATIONS),M-F
1ME7,BNH-BHI (ALL STATIONS),M-F
1ME9,BNH-BHI (ALL STATIONS),M-F
1MF1,BNH-BHI (ALL STATIONS),M-F
1MT1,CVN-BHI (EXP MNY-MJE),M-F
1R08,FYG-RST (ALL STATIONS),M-F
1R32,FYG-RST (ALL STATIONS),SUN
1R56,DBN-RST (ALL STATIONS),SUN
1R60,FYG-RST (ALL STATIONS),M-F
1R72,NTG-RST (ALL STATIONS),M-F
1R78,NTG-RST (ALL STATIONS),M-F
1R84,FYG-RST (ALL STATIONS),M-F
1R84,FYG-RST (ALL STATIONS),SAT
1RN4,FYG-RST (ALL STATIONS),SUN
1RN8,SHC-RST (ALL STATIONS),M-F
1RS6,CAB-RST (EXP PET-NTG),M-F
1RS8,FYG-RST (ALL STATIONS),M-F
1S04,DBN-BGR (ALL STATIONS),SUN
1S08,DBN-BGR (ALL STATIONS),SUN
1S12,DBN-BGR (ALL STATIONS),SUN
1S16,DBN-BGR (ALL STATIONS),SUN
1S18,FYG-BGR (ALL STATIONS),M-F
1S20,DBN-BGR (ALL STATIONS),SUN
1S22,NTG-BGR (ALL STATIONS),M-F
1S24,FYG-BGR (ALL STATIONS),M-F
1S26,NTG-BGR (ALL STATIONS),M-F
1S32,FYG-BGR (ALL STATIONS),M-F
1S52,BHI-BGR (ALL STATIONS),M-F
1S54,FYG-BGR (ALL STATIONS),M-F
1V02,FYG-CEP (ALL STATIONS),M-F
1V08,FYG-CEP (ALL STATIONS),M-F
1V10,FYG-CEP (ALL STATIONS),M-F
1V14,FYG-CEP (ALL STATIONS),M-F
1V16,FYG-CEP (ALL STATIONS),M-F
1V18,FYG-CEP (ALL STATIONS),M-F
1V20,FYG-CEP (ALL STATIONS),M-F
1V22,FYG-CEP (ALL STATIONS),M-F
1V24,FYG-CEP (ALL STATIONS),M-F
1V26,FYG-CEP (ALL STATIONS),M-F
1V28,FYG-CEP (ALL STATIONS),M-F
1V30,FYG-CEP (ALL STATIONS),M-F
1V32,FYG-CEP (ALL STATIONS),M-F
1V38,FYG-CEP (ALL STATIONS),M-F
1W01,RST-NTG (ALL STATIONS),M-F
1W05,CVN-NTG (ALL STATIONS),M-F
1W07,CVN-NTG (ALL STATIONS),M-F
1W15,CNQ-NTG (ALL STATIONS),M-F
1W17,CNQ-NTG (ALL STATIONS),M-F
1W23,CNQ-NTG (ALL STATIONS),M-F
1W25,CNQ-NTG (ALL STATIONS),M-F
1W31,BGR-NTG (ALL STATIONS),M-F
1W33,BGR-NTG (ALL STATIONS),M-F
1W43,CVN-NTG (ALL STATIONS),M-F
1W47,CVN-NTG (ALL STATIONS),M-F
1W53,RST-NTG (ALL STATIONS),M-F
1W59,RST-NTG (ALL STATIONS),M-F
1Y05,SFC-KPR (EXP BHI-EGJ-NTG),M-F
1Y17,RSW-KPR (EXP BHI-EGJ-NTG),M-F
1Y33,SFC-KPR (EXP BHI-EGJ-NTG),M-F
1Y45,RST-KPR (EXP BHI-EGJ-NTG),M-F
1Y67,RST-KPR (EXP BHI-EGJ-NTG),M-F
2001,DESTINATION = SPECIAL,SUN
2031,DESTINATION = SPECIAL,M-F
2039,DESTINATION = SPECIAL,M-F
20N1,DESTINATION = SPECIAL,M-F
20N4,DESTINATION = SPECIAL,SUN
20N5,DESTINATION = SPECIAL,M-F
20N5,DESTINATION = SPECIAL,SAT
20N5,DESTINATION = SPECIAL,SUN
2103,DESTINATION = SPECIAL,M-F
2109,DESTINATION = SPECIAL,M-F
2139,DESTINATION = SPECIAL,M-F
2153,DESTINATION = SPECIAL,M-F
2155,DESTINATION = SPECIAL,M-F
2507,DESTINATION = SPECIAL,M-F
2508,DESTINATION = SPECIAL,M-F
2509,DESTINATION = SPECIAL,M-F
2513,DESTINATION = SPECIAL,M-F
2515,DESTINATION = SPECIAL,M-F
2518,DESTINATION = SPECIAL,M-F
2520,DESTINATION = SPECIAL,M-F
2522,DESTINATION = SPECIAL,M-F
2558,DESTINATION = SPECIAL,M-F
25Y4,DESTINATION = SPECIAL,M-F
2608,DESTINATION = SPECIAL,M-F
2612,DESTINATION = SPECIAL,M-F
2614,DESTINATION = SPECIAL,M-F
2626,DESTINATION = SPECIAL,M-F
26X0,DESTINATION = SPECIAL,M-F
26Y0,DESTINATION = SPECIAL,M-F
2701,DESTINATION = SPECIAL,M-F
2701,DESTINATION = SPECIAL,SAT
2701,DESTINATION = SPECIAL,SUN
2702,DESTINATION = SPECIAL,M-F
2702,DESTINATION = SPECIAL,SAT
2702,DESTINATION = SPECIAL,SUN
2704,DESTINATION = SPECIAL,M-F
2708,DESTINATION = SPECIAL,M-F
2710,DESTINATION = SPECIAL,M-F
2718,DESTINATION = SPECIAL,M-F
2790,DESTINATION = SPECIAL,SAT
2790,DESTINATION = SPECIAL,SUN
2802,DESTINATION = SPECIAL,M-F
2802,DESTINATION = SPECIAL,SAT
2802,DESTINATION = SPECIAL,SUN
2804,DESTINATION = SPECIAL,M-F
2804,DESTINATION = SPECIAL,SUN
2806,DESTINATION = SPECIAL,SAT
2812,DESTINATION = SPECIAL,M-F
2854,DESTINATION = SPECIAL,M-F
2858,DESTINATION = SPECIAL,M-F
28X6,DESTINATION = SPECIAL,M-F
2904,DESTINATION = SPECIAL,M-F
2968,DESTINATION = SPECIAL,M-F
2972,DESTINATION = SPECIAL,M-F
2992,DESTINATION = SPECIAL,M-F
2992,DESTINATION = SPECIAL,SAT
2992,DESTINATION = SPECIAL,SUN
2994,DESTINATION = SPECIAL,M-F
29A2,DESTINATION = SPECIAL,M-F
2A01,DESTINATION = SPECIAL,M-F
2A09,DESTINATION = SPECIAL,M-F
2A23,DESTINATION = SPECIAL,M-F
2A25,DESTINATION = SPECIAL,M-F
2A35,DESTINATION = SPECIAL,M-F
2A37,DESTINATION = SPECIAL,M-F
2A43,DESTINATION = SPECIAL,M-F
2A45,DESTINATION = SPECIAL,M-F
2A51,DESTINATION = SPECIAL,M-F
2A53,DESTINATION = SPECIAL,M-F
2A59,DESTINATION = SPECIAL,M-F
2A61,DESTINATION = SPECIAL,M-F
2A65,DESTINATION = SPECIAL,M-F
2A67,DESTINATION = SPECIAL,M-F
2A73,DESTINATION = SPECIAL,M-F
2A75,DESTINATION = SPECIAL,M-F
2A77,DESTINATION = SPECIAL,M-F
2A87,DESTINATION = SPECIAL,M-F
2AB7,DESTINATION = SPECIAL,M-F
2B07,DESTINATION = SPECIAL,SUN
2B11,DESTINATION = SPECIAL,SUN
2B15,DESTINATION = SPECIAL,SUN
2B19,DESTINATION = SPECIAL,SUN
2B23,DESTINATION = SPECIAL,SUN
2D04,DESTINATION = SPECIAL,M-F
2D08,DESTINATION = SPECIAL,M-F
2D14,DESTINATION = SPECIAL,M-F
2D16,DESTINATION = SPECIAL,M-F
2D32,DESTINATION = SPECIAL,M-F
2D38,DESTINATION = SPECIAL,M-F
2D40,DESTINATION = SPECIAL,M-F
2E01,DESTINATION = SPECIAL,M-F
2E01,DESTINATION = SPECIAL,SAT
2E03,DESTINATION = SPECIAL,SAT
2E07,DESTINATION = SPECIAL,M-F
2E11,DESTINATION = SPECIAL,M-F
2E21,DESTINATION = SPECIAL,M-F
2EA7,DESTINATION = SPECIAL,M-F
2EB3,DESTINATION = SPECIAL,M-F
2EB5,DESTINATION = SPECIAL,M-F
2EB9,DESTINATION = SPECIAL,M-F
2EC5,DESTINATION = SPECIAL,M-F
2EC7,DESTINATION = SPECIAL,M-F
2ED3,DESTINATION = SPECIAL,M-F
2H01,DESTINATION = SPECIAL,M-F
2H01,DESTINATION = SPECIAL,SAT
2H01,DESTINATION = SPECIAL,SUN
2H02,DESTINATION = SPECIAL,M-F
2H03,DESTINATION = SPECIAL,M-F
2H03,DESTINATION = SPECIAL,SAT
2H03,DESTINATION = SPECIAL,SUN
2H04,DESTINATION = SPECIAL,SUN
2H05,DESTINATION = SPECIAL,M-F
2H08,DESTINATION = SPECIAL,SUN
2H10,DESTINATION = SPECIAL,M-F
2H12,DESTINATION = SPECIAL,SUN
2H16,DESTINATION = SPECIAL,M-F
2H16,DESTINATION = SPECIAL,SUN
2H20,DESTINATION = SPECIAL,SUN
2H26,DESTINATION = SPECIAL,M-F
2H28,DESTINATION = SPECIAL,M-F
2H34,DESTINATION = SPECIAL,M-F
2H36,DESTINATION = SPECIAL,M-F
2H44,DESTINATION = SPECIAL,M-F
2K02,DESTINATION = SPECIAL,M-F
2K24,DESTINATION = SPECIAL,M-F
2K66,DESTINATION = SPECIAL,M-F
2M13,DESTINATION = SPECIAL,M-F
2M19,DESTINATION = SPECIAL,M-F
2M25,DESTINATION = SPECIAL,M-F
2M27,DESTINATION = SPECIAL,M-F
2MN1,DESTINATION = SPECIAL,SAT
2MZ5,DESTINATION = SPECIAL,SAT
2MZ7,DESTINATION = SPECIAL,SAT
2Q01,DESTINATION = SPECIAL,SAT
2Q01,DESTINATION = SPECIAL,SUN
2Q03,DESTINATION = SPECIAL,SAT
2Q03,DESTINATION = SPECIAL,SUN
2Q91,DESTINATION = SPECIAL,SAT
2Q91,DESTINATION = SPECIAL,SUN
2R02,DESTINATION = SPECIAL,M-F
2R04,DESTINATION = SPECIAL,M-F
2R08,DESTINATION = SPECIAL,M-F
2R36,DESTINATION = SPECIAL,SUN
2R72,DESTINATION = SPECIAL,M-F
2R78,DESTINATION = SPECIAL,M-F
2R86,DESTINATION = SPECIAL,M-F
2R88,DESTINATION = SPECIAL,M-F
2R88,DESTINATION = SPECIAL,SAT
2RN2,DESTINATION = SPECIAL,M-F
2RN2,DESTINATION = SPECIAL,SAT
2RN6,DESTINATION = SPECIAL,SAT
2RZ2,DESTINATION = SPECIAL,SAT
2RZ4,DESTINATION = SPECIAL,SAT
2S22,DESTINATION = SPECIAL,M-F
2S26,DESTINATION = SPECIAL,M-F
2S52,DESTINATION = SPECIAL,M-F
2V04,DESTINATION = SPECIAL,M-F
2V06,DESTINATION = SPECIAL,M-F
2V08,DESTINATION = SPECIAL,M-F
2V20,DESTINATION = SPECIAL,M-F
2W01,DESTINATION = SPECIAL,M-F
2W31,DESTINATION = SPECIAL,M-F
2W33,DESTINATION = SPECIAL,M-F
2Y29,DESTINATION = SPECIAL,M-F
2Y37,DESTINATION = SPECIAL,M-F
A101,DESTINATION = SPECIAL,M-F
A104,DESTINATION = SPECIAL,M-F
A113,DESTINATION = SPECIAL,M-F
A119,DESTINATION = SPECIAL,M-F
A137,DESTINATION = SPECIAL,M-F
A199,DESTINATION = SPECIAL,SAT
A199,DESTINATION = SPECIAL,SUN
A501,DESTINATION = SPECIAL,M-F
A503,DESTINATION = SPECIAL,M-F
A508,DESTINATION = SPECIAL,M-F
A511,DESTINATION = SPECIAL,M-F
A512,DESTINATION = SPECIAL,M-F
A550,DESTINATION = SPECIAL,M-F
A552,DESTINATION = SPECIAL,M-F
A564,DESTINATION = SPECIAL,M-F
A596,DESTINATION = SPECIAL,SAT
A596,DESTINATION = SPECIAL,SUN
A5X8,DESTINATION = SPECIAL,M-F
A5Y6,DESTINATION = SPECIAL,M-F
A602,DESTINATION = SPECIAL,M-F
A604,DESTINATION = SPECIAL,M-F
A616,DESTINATION = SPECIAL,M-F
A701,DESTINATION = SPECIAL,M-F
A702,DESTINATION = SPECIAL,M-F
A706,DESTINATION = SPECIAL,M-F
A712,DESTINATION = SPECIAL,M-F
A714,DESTINATION = SPECIAL,M-F
A716,DESTINATION = SPECIAL,M-F
A718,DESTINATION = SPECIAL,M-F
A858,DESTINATION = SPECIAL,M-F
A902,DESTINATION = SPECIAL,SUN
A906,DESTINATION = SPECIAL,SAT
A998,DESTINATION = SPECIAL,SAT
A998,DESTINATION = SPECIAL,SUN
A9N2,DESTINATION = SPECIAL,SAT
AA07,DESTINATION = SPECIAL,M-F
AA37,DESTINATION = SPECIAL,M-F
AA45,DESTINATION = SPECIAL,M-F
AA79,DESTINATION = SPECIAL,M-F
AB05,DESTINATION = SPECIAL,M-F
AB49,DESTINATION = SPECIAL,M-F
AD01,DESTINATION = SPECIAL,SUN
AD02,DESTINATION = SPECIAL,M-F
AD03,DESTINATION = SPECIAL,SUN
AD05,DESTINATION = SPECIAL,M-F
AD10,DESTINATION = SPECIAL,M-F
AD10,DESTINATION = SPECIAL,SUN
AD14,DESTINATION = SPECIAL,M-F
AD30,DESTINATION = SPECIAL,M-F
AD34,DESTINATION = SPECIAL,M-F
AD38,DESTINATION = SPECIAL,M-F
AD40,DESTINATION = SPECIAL,M-F
AE25,DESTINATION = SPECIAL,M-F
AEA3,DESTINATION = SPECIAL,M-F
AEB3,DESTINATION = SPECIAL,M-F
AEB5,DESTINATION = SPECIAL,M-F
AEC1,DESTINATION = SPECIAL,M-F
AED7,DESTINATION = SPECIAL,M-F
AH10,DESTINATION = SPECIAL,M-F
AH14,DESTINATION = SPECIAL,M-F
AH18,DESTINATION = SPECIAL,M-F
AH36,DESTINATION = SPECIAL,M-F
AH48,DESTINATION = SPECIAL,M-F
AK02,DESTINATION = SPECIAL,SUN
AK06,DESTINATION = SPECIAL,SUN
AK10,DESTINATION = SPECIAL,M-F
AK18,DESTINATION = SPECIAL,M-F
AL01,DESTINATION = SPECIAL,M-F
AL01,DESTINATION = SPECIAL,SAT
AL01,DESTINATION = SPECIAL,SUN
AL03,DESTINATION = SPECIAL,M-F
AL03,DESTINATION = SPECIAL,SAT
AL21,DESTINATION = SPECIAL,M-F
AM23,DESTINATION = SPECIAL,M-F
AM27,DESTINATION = SPECIAL,M-F
AM59,DESTINATION = SPECIAL,M-F
AP33,DESTINATION = SPECIAL,M-F
AQ93,DESTINATION = SPECIAL,SAT
AQ93,DESTINATION = SPECIAL,SUN
AR08,DESTINATION = SPECIAL,M-F
AR18,DESTINATION = SPECIAL,M-F
AR90,DESTINATION = SPECIAL,M-F
AV02,DESTINATION = SPECIAL,M-F
AV06,DESTINATION = SPECIAL,M-F
AV18,DESTINATION = SPECIAL,M-F
AW01,DESTINATION = SPECIAL,M-F
AY12,DESTINATION = SPECIAL,M-F
AY37,DESTINATION = SPECIAL,M-F
AY49,DESTINATION = SPECIAL,M-F
C0B4,DESTINATION = SPECIAL,M-F
C0B4,DESTINATION = SPECIAL,SAT
C0B6,DESTINATION = SPECIAL,M-F
C0B6,DESTINATION = SPECIAL,SUN
C1A1,DESTINATION = SPECIAL,SAT
C1A1,DESTINATION = SPECIAL,SUN
C1A3,DESTINATION = SPECIAL,M-F
C1A3,DESTINATION = SPECIAL,SUN
C1A5,DESTINATION = SPECIAL,M-F
C1A5,DESTINATION = SPECIAL,SAT
C1A7,DESTINATION = SPECIAL,M-F
C1A7,DESTINATION = SPECIAL,SUN
C1A9,DESTINATION = SPECIAL,M-F
C1B2,DESTINATION = SPECIAL,SAT
C1B2,DESTINATION = SPECIAL,SUN
C1B4,DESTINATION = SPECIAL,M-F
C1B4,DESTINATION = SPECIAL,SUN
C1B6,DESTINATION = SPECIAL,M-F
C1B6,DESTINATION = SPECIAL,SAT
C1B8,DESTINATION = SPECIAL,M-F
C1B8,DESTINATION = SPECIAL,SUN
C1C1,DESTINATION = SPECIAL,SUN
C1C3,DESTINATION = SPECIAL,M-F
C1C5,DESTINATION = SPECIAL,SUN
C1C7,DESTINATION = SPECIAL,SUN
C1D0,DESTINATION = SPECIAL,M-F
C1D2,DESTINATION = SPECIAL,M-F
C1D2,DESTINATION = SPECIAL,SUN
C1D6,DESTINATION = SPECIAL,SUN
C1D8,DESTINATION = SPECIAL,SUN
C1E1,DESTINATION = SPECIAL,M-F
C1E3,DESTINATION = SPECIAL,M-F
C1E5,DESTINATION = SPECIAL,M-F
C1E7,DESTINATION = SPECIAL,M-F
C1F0,DESTINATION = SPECIAL,M-F
C1F2,DESTINATION = SPECIAL,M-F
C1F4,DESTINATION = SPECIAL,M-F
C1F6,DESTINATION = SPECIAL,M-F
C1G0,DESTINATION = SPECIAL,M-F
C1Y6,DESTINATION = SPECIAL,M-F
C1Y8,DESTINATION = SPECIAL,M-F
C1Z5,DESTINATION = SPECIAL,M-F
C1Z7,DESTINATION = SPECIAL,M-F
C1Z9,DESTINATION = SPECIAL,M-F
C501,DESTINATION = SPECIAL,SAT
C505,DESTINATION = SPECIAL,M-F
C517,DESTINATION = SPECIAL,M-F
C519,DESTINATION = SPECIAL,M-F
C521,DESTINATION = SPECIAL,M-F
C522,DESTINATION = SPECIAL,M-F
C524,DESTINATION = SPECIAL,M-F
C602,DESTINATION = SPECIAL,SUN
C606,DESTINATION = SPECIAL,M-F
C618,DESTINATION = SPECIAL,M-F
C620,DESTINATION = SPECIAL,M-F
C980,DESTINATION = SPECIAL,M-F
CAA0,DESTINATION = SPECIAL,SAT
CAA1,DESTINATION = SPECIAL,M-F
CAA2,DESTINATION = SPECIAL,M-F
CAA2,DESTINATION = SPECIAL,SAT
CAA3,DESTINATION = SPECIAL,M-F
CAA3,DESTINATION = SPECIAL,SAT
CAB5,DESTINATION = SPECIAL,M-F
CAB5,DESTINATION = SPECIAL,SUN
CQ11,DESTINATION = SPECIAL,SUN
D001,IPS-BHI (ALL STATIONS),SAT
D007,SFC-BHI (ALL STATIONS),M-F
D009,SFC-BHI (ALL STATIONS),M-F
D011,SFC-BHI (ALL STATIONS),M-F
D015,SFC-BHI (ALL STATIONS),M-F
D017,SFC-BHI (ALL STATIONS),M-F
D019,SFC-BHI (ALL STATIONS),M-F
D021,SFC-BHI (ALL STATIONS),M-F
D023,SFC-BHI (ALL STATIONS),M-F
D025,SFC-BHI (ALL STATIONS),M-F
D033,SFC-BHI (ALL STATIONS),M-F
D035,VYS-BHI (ALL STATIONS),M-F
D037,MNY-BHI (ALL STATIONS),M-F
D039,MNY-BHI (ALL STATIONS),M-F
D039,VYS-BHI (ALL STATIONS),M-F
D041,IPS-BHI (ALL STATIONS),M-F
D0A2,DBN-RST (ALL STATIONS),SUN
D0N2,KPR-RST (EXP NTG-EGJ-BHI),M-F
D0N5,IPS-BHI (ALL STATIONS),M-F
D0N7,IPS-BHI (ALL STATIONS),M-F
D0T3,IPS-BHI (EXP DAR-IDP-MTZ),M-F
D0T5,IPS-BHI (EXP DAR-IDP-MTZ),M-F
D0U1,IPS-BHI (EXP DAR-IDP-MTZ),M-F
D0U3,IPS-BHI (EXP DAR-IDP-MTZ),M-F
D0V1,IPS-BHI (EXP DAR-IDP-MTZ),M-F
D101,RST-CAB (ALL STATIONS),M-F
D103,RST-CAB (ALL STATIONS),M-F
D103,RST-CAB (ALL STATIONS),SAT
D107,RST-CAB (ALL STATIONS),M-F
D107,IPS-CAB (ALL STATIONS),SAT
D109,IPS-CAB (ALL STATIONS),M-F
D109,IPS-CAB (ALL STATIONS),SAT
D109,IPS-CAB (ALL STATIONS),SUN
D111,IPS-CAB (ALL STATIONS),SAT
D111,IPS-CAB (ALL STATIONS),SUN
D113,IPS-CAB (ALL STATIONS),M-F
D113,SFC-CAB (ALL STATIONS),SUN
D115,IPS-CAB (ALL STATIONS),SAT
D117,IPS-CAB (ALL STATIONS),M-F
D117,IPS-CAB (ALL STATIONS),SAT
D119,IPS-CAB (ALL STATIONS),M-F
D119,IPS-CAB (ALL STATIONS),SUN
D121,IPS-CAB (ALL STATIONS),SAT
D123,IPS-CAB (ALL STATIONS),M-F
D123,IPS-CAB (ALL STATIONS),SAT
D123,IPS-CAB (ALL STATIONS),SUN
D125,IPS-CAB (ALL STATIONS),SAT
D125,IPS-CAB (ALL STATIONS),SUN
D127,SFC-CAB (ALL STATIONS),M-F
D129,SFC-CAB (ALL STATIONS),M-F
D131,IPS-CAB (ALL STATIONS),SAT
D133,RST-CAB (ALL STATIONS),M-F
D133,IPS-CAB (ALL STATIONS),SAT
D133,IPS-CAB (ALL STATIONS),SUN
D135,IPS-CAB (ALL STATIONS),SAT
D135,IPS-CAB (ALL STATIONS),SUN
D137,SFC-CAB (ALL STATIONS),M-F
D137,IPS-CAB (ALL STATIONS),SUN
D139,IPS-CAB (ALL STATIONS),SAT
D141,SFC-CAB (ALL STATIONS),M-F
D141,IPS-CAB (ALL STATIONS),SAT
D143,RST-CAB (ALL STATIONS),M-F
D143,IPS-CAB (ALL STATIONS),SUN
D145,IPS-CAB (ALL STATIONS),M-F
D145,IPS-CAB (ALL STATIONS),SAT
D147,SFC-CAB (ALL STATIONS),M-F
D147,IPS-CAB (ALL STATIONS),SAT
D149,IPS-CAB (ALL STATIONS),SUN
D151,IPS-CAB (ALL STATIONS),M-F
D151,IPS-CAB (ALL STATIONS),SAT
D151,IPS-CAB (ALL STATIONS),SUN
D157,IPS-CAB (ALL STATIONS),M-F
D159,IPS-CAB (ALL STATIONS),M-F
D159,IPS-CAB (ALL STATIONS),SAT
D161,IPS-CAB (ALL STATIONS),M-F
D163,IPS-CAB (ALL STATIONS),M-F
D165,IPS-CAB (ALL STATIONS),M-F
D169,IPS-CAB (ALL STATIONS),M-F
D171,IPS-CAB (ALL STATIONS),M-F
D1T7,IPS-CAB (EXP DAR-IDP-MTZ),M-F
D1U7,IPS-CAB (EXP DAR-IDP-MTZ),M-F
D502,CAB-IPS (EXP PET-NTG),M-F
D504,CAB-IPS (EXP PET-NTG),M-F
D504,BHI-IPS (ALL STATIONS),SAT
D504,CAB-IPS (EXP PET-NTG),SUN
D506,BHI-IPS (ALL STATIONS),M-F
D506,CAB-IPS (EXP PET-NTG),SAT
D506,CAB-IPS (EXP PET-NTG),SUN
D512,CAB-IPS (EXP PET-NTG),SAT
D514,NBR-IPS (EXP PET-NTG),M-F
D516,CAB-IPS (EXP PET-NTG),SAT
D516,CAB-IPS (EXP PET-NTG),SUN
D518,CAB-IPS (EXP PET-NTG),M-F
D522,CAB-IPS (EXP PET-NTG),M-F
D522,CAB-IPS (EXP PET-NTG),SAT
D522,CAB-IPS (EXP PET-NTG),SUN
D524,NBR-IPS (EXP PET-NTG),M-F
D524,CAB-IPS (EXP PET-NTG),SAT
D524,CAB-IPS (EXP PET-NTG),SUN
D528,CAB-IPS (EXP PET-NTG),M-F
D528,CAB-IPS (EXP PET-NTG),SAT
D534,CAB-IPS (EXP PET-NTG),M-F
D536,NBR-IPS (EXP PET-NTG),M-F
D536,CAB-IPS (EXP PET-NTG),SAT
D536,CAB-IPS (EXP PET-NTG),SUN
D538,CAB-IPS (EXP PET-NTG),M-F
D540,KPR-IPS (EXP NTG-EGJ-BHI),M-F
D540,CAB-IPS (EXP PET-NTG),SAT
D540,CAB-IPS (EXP PET-NTG),SUN
D542,CAB-IPS (EXP PET-NTG),M-F
D542,CAB-IPS (EXP PET-NTG),SAT
D542,CAB-IPS (EXP PET-NTG),SUN
D544,BHI-IPS (ALL STATIONS),M-F
D546,BHI-IPS (ALL STATIONS),M-F
D548,CAB-IPS (EXP PET-NTG),SAT
D552,CAB-IPS (EXP PET-NTG),SAT
D552,CAB-IPS (EXP PET-NTG),SUN
D554,CAB-IPS (EXP PET-NTG),M-F
D556,CAB-IPS (EXP PET-NTG),M-F
D558,BHI-IPS (ALL STATIONS),M-F
D558,CAB-IPS (EXP PET-NTG),SAT
D558,CAB-IPS (EXP PET-NTG),SUN
D560,CAB-IPS (EXP PET-NTG),SAT
D560,CAB-IPS (EXP PET-NTG),SUN
D562,CAB-IPS (EXP PET-NTG),M-F
D564,CAB-IPS (EXP PET-NTG),SAT
D568,CAB-IPS (EXP PET-NTG),M-F
D570,CAB-IPS (EXP PET-NTG),M-F
D572,CAB-IPS (EXP PET-NTG),SAT
D574,CAB-IPS (EXP PET-NTG),M-F
D576,CAB-IPS (EXP PET-NTG),M-F
D576,CAB-IPS (EXP PET-NTG),SAT
D578,CAB-IPS (EXP PET-NTG),SAT
D580,CAB-IPS (EXP PET-NTG),M-F
D5X2,"CAB-IPS (EXP PET-NTG, MTZ-IDP-DAR)",M-F
D5X4,BHI-IPS (EXP MTZ-IDP-DAR),M-F
D5X6,BHI-IPS (EXP MTZ-IDP-DAR),M-F
D5Y2,"CAB-IPS (EXP PET-NTG, MTZ-IDP-DAR)",M-F
D5Y4,BHI-IPS (EXP MTZ-IDP-DAR),M-F
D802,BHI-CVN (ALL STATIONS),M-F
D802,BHI-CVN (ALL STATIONS),SAT
D802,BHI-CVN (ALL STATIONS),SUN
D804,BHI-CVN (ALL STATIONS),SAT
D804,BHI-CVN (ALL STATIONS),SUN
D806,NTG-CVN (ALL STATIONS),M-F
D806,SHC-CVN (ALL STATIONS),SAT
D808,SHC-CVN (EXP MJE-MNY),M-F
D808,SHC-CVN (ALL STATIONS),SAT
D808,SHC-CVN (ALL STATIONS),SUN
D810,NTG-CVN (EXP MJE-MNY),M-F
D810,SHC-CVN (ALL STATIONS),SAT
D810,SHC-CVN (ALL STATIONS),SUN
D812,SHC-CVN (EXP MJE-MNY),M-F
D812,SHC-CVN (ALL STATIONS),SAT
D812,SHC-CVN (ALL STATIONS),SUN
D814,SHC-CVN (EXP MJE-MNY),M-F
D816,SHC-CVN (EXP MJE-MNY),M-F
D818,SHC-CVN (ALL STATIONS),SAT
D818,SHC-CVN (ALL STATIONS),SUN
D820,SHC-CVN (ALL STATIONS),M-F
D820,SHC-CVN (ALL STATIONS),SAT
D820,SHC-CVN (ALL STATIONS),SUN
D822,SHC-CVN (ALL STATIONS),SAT
D824,SHC-CVN (ALL STATIONS),M-F
D824,SHC-CVN (ALL STATIONS),SAT
D824,SHC-CVN (ALL STATIONS),SUN
D826,SHC-CVN (ALL STATIONS),SAT
D826,SHC-CVN (ALL STATIONS),SUN
D828,SHC-CVN (ALL STATIONS),M-F
D828,SHC-CVN (ALL STATIONS),SAT
D828,SHC-CVN (ALL STATIONS),SUN
D830,SHC-CVN (ALL STATIONS),M-F
D834,SHC-CVN (ALL STATIONS),M-F
D834,SHC-CVN (ALL STATIONS),SAT
D834,SHC-CVN (ALL STATIONS),SUN
D836,SHC-CVN (ALL STATIONS),SAT
D836,SHC-CVN (ALL STATIONS),SUN
D838,SHC-CVN (ALL STATIONS),M-F
D838,SHC-CVN (ALL STATIONS),SAT
D840,SHC-CVN (ALL STATIONS),M-F
D840,SHC-CVN (ALL STATIONS),SAT
D840,SHC-CVN (ALL STATIONS),SUN
D842,SHC-CVN (ALL STATIONS),SAT
D842,SHC-CVN (ALL STATIONS),SUN
D844,SHC-CVN (ALL STATIONS),M-F
D844,SHC-CVN (ALL STATIONS),SAT
D844,SHC-CVN (ALL STATIONS),SUN
D846,SHC-CVN (ALL STATIONS),M-F
D850,SHC-CVN (ALL STATIONS),M-F
D850,SHC-CVN (ALL STATIONS),SAT
D850,SHC-CVN (ALL STATIONS),SUN
D852,SHC-CVN (ALL STATIONS),SAT
D852,SHC-CVN (ALL STATIONS),SUN
D854,SHC-CVN (ALL STATIONS),SAT
D856,SHC-CVN (ALL STATIONS),M-F
D856,SHC-CVN (ALL STATIONS),SAT
D856,SHC-CVN (ALL STATIONS),SUN
D858,SHC-CVN (ALL STATIONS),SAT
D858,SHC-CVN (ALL STATIONS),SUN
D860,SHC-CVN (ALL STATIONS),M-F
D860,SHC-CVN (ALL STATIONS),SAT
D860,SHC-CVN (ALL STATIONS),SUN
D864,SHC-CVN (ALL STATIONS),M-F
D866,SHC-CVN (ALL STATIONS),SAT
D866,SHC-CVN (ALL STATIONS),SUN
D868,SHC-CVN (ALL STATIONS),M-F
D868,SHC-CVN (ALL STATIONS),SAT
D870,SHC-CVN (ALL STATIONS),M-F
D870,SHC-CVN (ALL STATIONS),SAT
D872,SHC-CVN (ALL STATIONS),SAT
D874,SHC-CVN (ALL STATIONS),SAT
D876,SHC-CVN (ALL STATIONS),SAT
D878,SHC-CVN (ALL STATIONS),M-F
D882,SHC-CVN (ALL STATIONS),M-F
D886,SHC-CVN (ALL STATIONS),M-F
D890,SHC-CVN (ALL STATIONS),M-F
D892,SHC-CVN (ALL STATIONS),M-F
D8X0,BHI-CVN (EXP MJE-MNY),M-F
D8X2,BHI-CVN (EXP MJE-MNY),M-F
D8X4,DBN-CVN (EXP MJE-MNY),M-F
D902,KPR-RST (EXP NTG-EGJ-BHI),SAT
D902,KPR-RST (EXP NTG-EGJ-BHI),SUN
D904,KPR-RST (EXP NTG-EGJ-BHI),SUN
D906,KPR-RST (EXP NTG-EGJ-BHI),SAT
D906,KPR-RST (EXP NTG-EGJ-BHI),SUN
D908,KPR-RST (EXP NTG-EGJ-BHI),SAT
D908,KPR-RST (EXP NTG-EGJ-BHI),SUN
D910,NTG-RST (ALL STATIONS),SUN
D912,KPR-RST (EXP NTG-EGJ-BHI),SUN
D914,NTG-RST (ALL STATIONS),SUN
D916,KPR-RST (EXP NTG-EGJ-BHI),M-F
D916,NTG-RST (ALL STATIONS),SUN
D918,NTG-RST (ALL STATIONS),SUN
D920,NBR-RST (EXP PET-NTG),M-F
D920,NTG-RST (ALL STATIONS),SUN
D922,NTG-RST (ALL STATIONS),SUN
D924,NTG-RST (ALL STATIONS),SUN
D926,KPR-RST (EXP NTG-EGJ-BHI),M-F
D926,NTG-RST (ALL STATIONS),SUN
D928,KPR-RST (EXP NTG-EGJ-BHI),M-F
D928,NTG-RST (ALL STATIONS),SUN
D930,NTG-RST (ALL STATIONS),SUN
D932,NTG-RST (ALL STATIONS),SUN
D934,NBR-RST (EXP PET-NTG),M-F
D934,NTG-RST (ALL STATIONS),SUN
D936,NTG-RST (ALL STATIONS),SUN
D938,KPR-RST (EXP NTG-EGJ-BHI),M-F
D938,NTG-RST (ALL STATIONS),SUN
D940,NTG-RST (ALL STATIONS),SUN
D942,KPR-RST (EXP NTG-EGJ-BHI),M-F
D942,NTG-RST (ALL STATIONS),SUN
D944,NTG-RST (ALL STATIONS),SUN
D948,KPR-RST (EXP NTG-EGJ-BHI),M-F
D952,CAB-RST (EXP PET-NTG),M-F
D954,KPR-RST (EXP NTG-EGJ-BHI),M-F
D958,KPR-RST (EXP NTG-EGJ-BHI),M-F
D964,KPR-RST (EXP NTG-EGJ-BHI),M-F
D982,SHC-RST (ALL STATIONS),SAT
D9N0,KPR-RST (EXP NTG-EGJ-BHI),SUN
D9N4,KPR-RST (EXP NTG-EGJ-BHI),M-F
D9N6,KPR-RST (EXP NTG-EGJ-BHI),SAT
D9N8,CAB-RST (EXP PET-NTG),M-F
D9N8,KPR-RST (EXP NTG-EGJ-BHI),SAT
DA01,RST-SHC (ALL STATIONS),M-F
DA01,RST-SHC (ALL STATIONS),SAT
DA03,RST-SHC (ALL STATIONS),M-F
DA03,RST-SHC (ALL STATIONS),SAT
DA03,RST-SHC (ALL STATIONS),SUN
DA05,RST-SHC (ALL STATIONS),M-F
DA05,RST-SHC (ALL STATIONS),SAT
DA05,RST-SHC (ALL STATIONS),SUN
DA07,RST-SHC (ALL STATIONS),SUN
DA09,RST-SHC (ALL STATIONS),M-F
DA11,CVN-SHC (ALL STATIONS),SAT
DA13,CVN-SHC (ALL STATIONS),M-F
DA13,CVN-SHC (ALL STATIONS),SAT
DA13,CVN-SHC (ALL STATIONS),SUN
DA15,CVN-SHC (ALL STATIONS),M-F
DA15,CVN-SHC (ALL STATIONS),SAT
DA15,CVN-SHC (ALL STATIONS),SUN
DA17,CVN-SHC (ALL STATIONS),SAT
DA19,CVN-SHC (ALL STATIONS),SAT
DA19,CVN-SHC (ALL STATIONS),SUN
DA21,MNY-SHC (ALL STATIONS),M-F
DA21,CVN-SHC (ALL STATIONS),SAT
DA21,CVN-SHC (ALL STATIONS),SUN
DA23,MNY-SHC (ALL STATIONS),M-F
DA23,CVN-SHC (ALL STATIONS),SUN
DA25,MNY-SHC (ALL STATIONS),M-F
DA27,CVN-SHC (ALL STATIONS),SAT
DA29,CVN-SHC (ALL STATIONS),SAT
DA29,CVN-SHC (ALL STATIONS),SUN
DA31,CVN-SHC (ALL STATIONS),M-F
DA31,CVN-SHC (ALL STATIONS),SAT
DA31,CVN-SHC (ALL STATIONS),SUN
DA33,CVN-SHC (ALL STATIONS),M-F
DA33,CVN-SHC (ALL STATIONS),SAT
DA35,CVN-SHC (ALL STATIONS),M-F
DA35,CVN-SHC (ALL STATIONS),SAT
DA35,CVN-SHC (ALL STATIONS),SUN
DA37,CVN-SHC (ALL STATIONS),M-F
DA37,CVN-SHC (ALL STATIONS),SAT
DA37,CVN-SHC (ALL STATIONS),SUN
DA39,CVN-SHC (ALL STATIONS),M-F
DA39,CVN-SHC (ALL STATIONS),SUN
DA43,CVN-SHC (ALL STATIONS),M-F
DA43,CVN-SHC (ALL STATIONS),SAT
DA45,CVN-SHC (ALL STATIONS),M-F
DA45,CVN-SHC (ALL STATIONS),SAT
DA45,CVN-SHC (ALL STATIONS),SUN
DA47,CVN-SHC (ALL STATIONS),SAT
DA47,CVN-SHC (ALL STATIONS),SUN
DA49,CVN-SHC (ALL STATIONS),M-F
DA49,CVN-SHC (ALL STATIONS),SAT
DA51,CVN-SHC (ALL STATIONS),SAT
DA51,CVN-SHC (ALL STATIONS),SUN
DA53,CVN-SHC (ALL STATIONS),M-F
DA53,CVN-SHC (ALL STATIONS),SAT
DA53,CVN-SHC (ALL STATIONS),SUN
DA55,CVN-SHC (ALL STATIONS),M-F
DA55,CVN-SHC (ALL STATIONS),SUN
DA59,CNQ-SHC (ALL STATIONS),M-F
DA59,CVN-SHC (ALL STATIONS),SAT
DA61,CVN-SHC (ALL STATIONS),M-F
DA61,CVN-SHC (ALL STATIONS),SAT
DA61,CVN-SHC (ALL STATIONS),SUN
DA63,CNQ-SHC (ALL STATIONS),M-F
DA63,CVN-SHC (ALL STATIONS),SAT
DA63,CVN-SHC (ALL STATIONS),SUN
DA65,CVN-SHC (ALL STATIONS),M-F
DA65,CVN-SHC (ALL STATIONS),SAT
DA67,CVN-SHC (ALL STATIONS),M-F
DA67,CVN-SHC (ALL STATIONS),SAT
DA67,CVN-SHC (ALL STATIONS),SUN
DA69,CVN-SHC (ALL STATIONS),SAT
DA69,CVN-SHC (ALL STATIONS),SUN
DA71,CNQ-SHC (ALL STATIONS),M-F
DA71,CVN-SHC (ALL STATIONS),SUN
DA73,CVN-SHC (ALL STATIONS),M-F
DA75,CVN-SHC (ALL STATIONS),SAT
DA77,CVN-SHC (ALL STATIONS),SAT
DA79,CVN-SHC (ALL STATIONS),SAT
DA81,CVN-SHC (ALL STATIONS),M-F
DA81,CVN-SHC (ALL STATIONS),SAT
DA85,CVN-SHC (EXP MNY-MJE),M-F
DA89,CVN-SHC (EXP MNY-MJE),M-F
DA91,CVN-SHC (ALL STATIONS),M-F
DA93,CVN-SHC (ALL STATIONS),M-F
DA97,CVN-SHC (ALL STATIONS),M-F
DA99,CVN-SHC (ALL STATIONS),M-F
DAA9,CVN-SHC (ALL STATIONS),M-F
DAB3,CVN-SHC (ALL STATIONS),M-F
DAB5,CVN-SHC (ALL STATIONS),M-F
DB01,RST-DBN (ALL STATIONS),M-F
DB01,RST-DBN (ALL STATIONS),SAT
DB01,RST-DBN (ALL STATIONS),SUN
DB03,RST-DBN (ALL STATIONS),SAT
DB05,BGR-DBN (ALL STATIONS),SAT
DB05,BGR-DBN (ALL STATIONS),SUN
DB07,RST-DBN (ALL STATIONS),M-F
DB07,BGR-DBN (ALL STATIONS),SAT
DB09,VYS-DBN (ALL STATIONS),M-F
DB09,BGR-DBN (ALL STATIONS),SAT
DB09,BGR-DBN (ALL STATIONS),SUN
DB11,VYS-DBN (ALL STATIONS),M-F
DB11,BGR-DBN (ALL STATIONS),SAT
DB13,BGR-DBN (ALL STATIONS),SAT
DB13,BGR-DBN (ALL STATIONS),SUN
DB15,BGR-DBN (ALL STATIONS),SAT
DB17,BGR-DBN (ALL STATIONS),M-F
DB17,BGR-DBN (ALL STATIONS),SAT
DB17,BGR-DBN (ALL STATIONS),SUN
DB19,RST-DBN (ALL STATIONS),M-F
DB19,BGR-DBN (ALL STATIONS),SAT
DB21,BGR-DBN (ALL STATIONS),SAT
DB21,BGR-DBN (ALL STATIONS),SUN
DB23,RST-DBN (ALL STATIONS),M-F
DB23,BGR-DBN (ALL STATIONS),SAT
DB25,RST-DBN (ALL STATIONS),M-F
DB25,BGR-DBN (ALL STATIONS),SAT
DB25,BGR-DBN (ALL STATIONS),SUN
DB29,RST-DBN (ALL STATIONS),M-F
DB31,RST-DBN (ALL STATIONS),M-F
DB35,RST-DBN (ALL STATIONS),M-F
DB37,RST-DBN (ALL STATIONS),M-F
DB41,RST-DBN (ALL STATIONS),M-F
DB43,RST-DBN (ALL STATIONS),M-F
DB47,RST-DBN (ALL STATIONS),M-F
DB49,BGR-DBN (ALL STATIONS),M-F
DB51,MNY-DBN (ALL STATIONS),M-F
DB53,MNY-DBN (ALL STATIONS),M-F
DB55,RST-DBN (ALL STATIONS),M-F
DB57,RST-DBN (ALL STATIONS),M-F
DBU1,CVN-DBN (EXP MNY-MJE),M-F
DD04,KPR-RST (EXP NTG-EGJ-BHI),M-F
DD06,CAB-RST (EXP PET-NTG),M-F
DD10,KPR-RST (EXP NTG-EGJ-BHI),M-F
DD14,KPR-RST (EXP NTG-EGJ-BHI),M-F
DD18,CAB-RST (EXP PET-NTG),M-F
DD24,CAB-RST (EXP PET-NTG),M-F
DD32,KPR-RST (EXP NTG-EGJ-BHI),M-F
DD36,CAB-RST (EXP PET-NTG),M-F
DD50,NBR-RST (EXP PET-NTG),M-F
DG02,BHI-VYS (ALL STATIONS),M-F
DG02,BHI-VYS (ALL STATIONS),SAT
DG02,BHI-VYS (ALL STATIONS),SUN
DG04,BHI-VYS (ALL STATIONS),M-F
DG04,BHI-VYS (ALL STATIONS),SAT
DG04,BDT-VYS (ALL STATIONS),SUN
DG06,BDT-VYS (ALL STATIONS),M-F
DG06,BDT-VYS (ALL STATIONS),SAT
DG06,BDT-VYS (ALL STATIONS),SUN
DG08,BDT-VYS (ALL STATIONS),M-F
DG08,BDT-VYS (ALL STATIONS),SAT
DG08,BDT-VYS (ALL STATIONS),SUN
DG10,BDT-VYS (ALL STATIONS),M-F
DG10,BDT-VYS (ALL STATIONS),SAT
DG10,BDT-VYS (ALL STATIONS),SUN
DG12,BDT-VYS (ALL STATIONS),M-F
DG12,BDT-VYS (ALL STATIONS),SAT
DG12,BDT-VYS (ALL STATIONS),SUN
DG14,BDT-VYS (ALL STATIONS),M-F
DG14,BDT-VYS (ALL STATIONS),SAT
DG14,BDT-VYS (ALL STATIONS),SUN
DG16,BDT-VYS (ALL STATIONS),M-F
DG16,BDT-VYS (ALL STATIONS),SAT
DG16,BDT-VYS (ALL STATIONS),SUN
DG18,BDT-VYS (ALL STATIONS),M-F
DG18,BDT-VYS (ALL STATIONS),SAT
DG18,BDT-VYS (ALL STATIONS),SUN
DG20,BDT-VYS (ALL STATIONS),M-F
DG20,BDT-VYS (ALL STATIONS),SAT
DG20,BDT-VYS (ALL STATIONS),SUN
DG22,BDT-VYS (ALL STATIONS),M-F
DG22,BDT-VYS (ALL STATIONS),SAT
DG22,BDT-VYS (ALL STATIONS),SUN
DG24,BDT-VYS (ALL STATIONS),M-F
DG24,BDT-VYS (ALL STATIONS),SAT
DG24,BDT-VYS (ALL STATIONS),SUN
DG26,BDT-VYS (ALL STATIONS),M-F
DG26,BDT-VYS (ALL STATIONS),SAT
DG26,BDT-VYS (ALL STATIONS),SUN
DG28,BDT-VYS (ALL STATIONS),M-F
DG28,BDT-VYS (ALL STATIONS),SAT
DG28,BDT-VYS (ALL STATIONS),SUN
DG30,BDT-VYS (ALL STATIONS),M-F
DG30,BDT-VYS (ALL STATIONS),SAT
DG30,BDT-VYS (ALL STATIONS),SUN
DG32,BDT-VYS (ALL STATIONS),M-F
DG32,BDT-VYS (ALL STATIONS),SAT
DG32,BDT-VYS (ALL STATIONS),SUN
DG34,BDT-VYS (ALL STATIONS),M-F
DG34,BDT-VYS (ALL STATIONS),SAT
DG34,BDT-VYS (ALL STATIONS),SUN
DG36,BDT-VYS (ALL STATIONS),M-F
DG36,BDT-VYS (ALL STATIONS),SAT
DG36,BDT-VYS (ALL STATIONS),SUN
DG38,BDT-VYS (ALL STATIONS),M-F
DG38,BDT-VYS (ALL STATIONS),SAT
DG38,BDT-VYS (ALL STATIONS),SUN
DG40,BDT-VYS (ALL STATIONS),M-F
DG40,BDT-VYS (ALL STATIONS),SAT
DG40,BDT-VYS (ALL STATIONS),SUN
DG42,BDT-VYS (ALL STATIONS),M-F
DG42,BDT-VYS (ALL STATIONS),SAT
DG42,BDT-VYS (ALL STATIONS),SUN
DG44,BHI-VYS (ALL STATIONS),M-F
DG44,BDT-VYS (ALL STATIONS),SAT
DG44,BDT-VYS (ALL STATIONS),SUN
DG46,BDT-VYS (ALL STATIONS),M-F
DG46,BDT-VYS (ALL STATIONS),SAT
DG46,BDT-VYS (ALL STATIONS),SUN
DG48,BDT-VYS (ALL STATIONS),M-F
DG48,BDT-VYS (ALL STATIONS),SAT
DG48,BDT-VYS (ALL STATIONS),SUN
DG50,BDT-VYS (ALL STATIONS),M-F
DG50,BDT-VYS (ALL STATIONS),SAT
DG50,BDT-VYS (ALL STATIONS),SUN
DG52,BDT-VYS (ALL STATIONS),M-F
DG52,BDT-VYS (ALL STATIONS),SAT
DG52,BDT-VYS (ALL STATIONS),SUN
DG54,BDT-VYS (ALL STATIONS),M-F
DG54,BDT-VYS (ALL STATIONS),SAT
DG54,BDT-VYS (ALL STATIONS),SUN
DG56,BDT-VYS (ALL STATIONS),M-F
DG56,BDT-VYS (ALL STATIONS),SAT
DG56,BDT-VYS (ALL STATIONS),SUN
DG58,BHI-VYS (ALL STATIONS),M-F
DG58,BDT-VYS (ALL STATIONS),SAT
DG58,BDT-VYS (ALL STATIONS),SUN
DG60,BDT-VYS (ALL STATIONS),M-F
DG60,BDT-VYS (ALL STATIONS),SAT
DG60,BDT-VYS (ALL STATIONS),SUN
DG62,BDT-VYS (ALL STATIONS),M-F
DG62,BDT-VYS (ALL STATIONS),SAT
DG62,BDT-VYS (ALL STATIONS),SUN
DG64,BHI-VYS (ALL STATIONS),M-F
DG64,BDT-VYS (ALL STATIONS),SAT
DG64,BDT-VYS (ALL STATIONS),SUN
DG66,BDT-VYS (ALL STATIONS),M-F
DG66,BDT-VYS (ALL STATIONS),SAT
DG66,BDT-VYS (ALL STATIONS),SUN
DG68,BDT-VYS (ALL STATIONS),M-F
DG68,BDT-VYS (ALL STATIONS),SAT
DG68,BDT-VYS (ALL STATIONS),SUN
DG70,BDT-VYS (ALL STATIONS),M-F
DG70,BDT-VYS (ALL STATIONS),SAT
DG70,BHI-VYS (ALL STATIONS),SUN
DG72,BDT-VYS (ALL STATIONS),M-F
DG72,BHI-VYS (ALL STATIONS),SAT
DG74,BDT-VYS (ALL STATIONS),M-F
DG74,BHI-VYS (ALL STATIONS),SAT
DG76,BDT-VYS (ALL STATIONS),M-F
DG76,BHI-VYS (ALL STATIONS),SAT
DG78,BDT-VYS (ALL STATIONS),M-F
DG78,BHI-VYS (ALL STATIONS),SAT
DG80,BDT-VYS (ALL STATIONS),M-F
DG82,BDT-VYS (ALL STATIONS),M-F
DG84,BDT-VYS (ALL STATIONS),M-F
DG86,BDT-VYS (ALL STATIONS),M-F
DG88,BDT-VYS (ALL STATIONS),M-F
DG90,BDT-VYS (ALL STATIONS),M-F
DG92,BDT-VYS (ALL STATIONS),M-F
DG94,BHI-VYS (ALL STATIONS),M-F
DG96,BHI-VYS (ALL STATIONS),M-F
DG98,BHI-VYS (ALL STATIONS),M-F
DH04,BHI-MNY (ALL STATIONS),M-F
DH06,NTG-MNY (ALL STATIONS),M-F
DH08,DBN-MNY (ALL STATIONS),M-F
DH14,SHC-CNQ (ALL STATIONS),M-F
DH18,SHC-CNQ (ALL STATIONS),M-F
DH22,SHC-CNQ (ALL STATIONS),M-F
DH24,SHC-CNQ (ALL STATIONS),M-F
DH30,NTG-CNQ (ALL STATIONS),M-F
DH32,NTG-CNQ (ALL STATIONS),M-F
DH38,NTG-CNQ (ALL STATIONS),M-F
DH40,NTG-CNQ (ALL STATIONS),M-F
DHM2,SHC-MNY (ALL STATIONS),M-F
DHM4,SHC-MNY (ALL STATIONS),M-F
DHM6,SHC-MNY (ALL STATIONS),M-F
DHM8,SHC-MNY (ALL STATIONS),M-F
DK02,KPR-SFC (EXP NTG-EGJ-BHI),M-F
DK02,KPR-SFC (EXP NTG-EGJ-BHI),SAT
DK04,KPR-SFC (EXP NTG-EGJ-BHI),M-F
DK04,KPR-SFC (EXP NTG-EGJ-BHI),SAT
DK04,CAB-SFC (EXP PET-NTG),SUN
DK06,KPR-SFC (EXP NTG-EGJ-BHI),M-F
DK06,KPR-SFC (EXP NTG-EGJ-BHI),SAT
DK06,KPR-SFC (EXP NTG-EGJ-BHI),SUN
DK08,KPR-SFC (EXP NTG-EGJ-BHI),M-F
DK08,KPR-SFC (EXP NTG-EGJ-BHI),SAT
DK08,KPR-SFC (EXP NTG-EGJ-BHI),SUN
DK10,KPR-SFC (EXP NTG-EGJ-BHI),M-F
DK10,KPR-SFC (EXP NTG-EGJ-BHI),SAT
DK10,KPR-SFC (EXP NTG-EGJ-BHI),SUN
DK12,KPR-SFC (EXP NTG-EGJ-BHI),M-F
DK12,KPR-SFC (EXP NTG-EGJ-BHI),SAT
DK12,KPR-SFC (EXP NTG-EGJ-BHI),SUN
DK14,KPR-SFC (EXP NTG-EGJ-BHI),M-F
DK14,KPR-SFC (EXP NTG-EGJ-BHI),SAT
DK14,KPR-SFC (EXP NTG-EGJ-BHI),SUN
DK16,KPR-SFC (EXP NTG-EGJ-BHI),M-F
DK16,KPR-SFC (EXP NTG-EGJ-BHI),SAT
DK16,KPR-SFC (EXP NTG-EGJ-BHI),SUN
DK18,CAB-SFC (EXP PET-NTG),M-F
DK18,KPR-SFC (EXP NTG-EGJ-BHI),SAT
DK18,KPR-SFC (EXP NTG-EGJ-BHI),SUN
DK20,KPR-SFC (EXP NTG-EGJ-BHI),M-F
DK20,KPR-SFC (EXP NTG-EGJ-BHI),SAT
DK20,KPR-SFC (EXP NTG-EGJ-BHI),SUN
DK22,KPR-SFC (EXP NTG-EGJ-BHI),M-F
DK22,KPR-SFC (EXP NTG-EGJ-BHI),SAT
DK22,KPR-SFC (EXP NTG-EGJ-BHI),SUN
DK24,KPR-SFC (EXP NTG-EGJ-BHI),M-F
DK24,KPR-SFC (EXP NTG-EGJ-BHI),SAT
DK24,KPR-SFC (EXP NTG-EGJ-BHI),SUN
DK26,KPR-SFC (EXP NTG-EGJ-BHI),M-F
DK26,KPR-SFC (EXP NTG-EGJ-BHI),SAT
DK26,KPR-SFC (EXP NTG-EGJ-BHI),SUN
DK28,KPR-SFC (EXP NTG-EGJ-BHI),SAT
DK28,KPR-SFC (EXP NTG-EGJ-BHI),SUN
DK30,KPR-SFC (EXP NTG-EGJ-BHI),M-F
DK30,KPR-SFC (EXP NTG-EGJ-BHI),SAT
DK30,KPR-SFC (EXP NTG-EGJ-BHI),SUN
DK32,KPR-SFC (EXP NTG-EGJ-BHI),M-F
DK32,KPR-SFC (EXP NTG-EGJ-BHI),SAT
DK32,KPR-SFC (EXP NTG-EGJ-BHI),SUN
DK34,KPR-SFC (EXP NTG-EGJ-BHI),M-F
DK34,KPR-SFC (EXP NTG-EGJ-BHI),SAT
DK34,KPR-SFC (EXP NTG-EGJ-BHI),SUN
DK36,KPR-SFC (EXP NTG-EGJ-BHI),M-F
DK36,KPR-SFC (EXP NTG-EGJ-BHI),SAT
DK36,KPR-SFC (EXP NTG-EGJ-BHI),SUN
DK38,KPR-SFC (EXP NTG-EGJ-BHI),M-F
DK38,KPR-SFC (EXP NTG-EGJ-BHI),SAT
DK38,KPR-SFC (EXP NTG-EGJ-BHI),SUN
DK40,KPR-SFC (EXP NTG-EGJ-BHI),M-F
DK40,KPR-SFC (EXP NTG-EGJ-BHI),SAT
DK40,KPR-SFC (EXP NTG-EGJ-BHI),SUN
DK42,BHI-SFC (ALL STATIONS),M-F
DK42,KPR-SFC (EXP NTG-EGJ-BHI),SAT
DK42,KPR-SFC (EXP NTG-EGJ-BHI),SUN
DK44,BHI-SFC (ALL STATIONS),M-F
DK44,KPR-SFC (EXP NTG-EGJ-BHI),SAT
DK44,KPR-SFC (EXP NTG-EGJ-BHI),SUN
DK46,BHI-SFC (ALL STATIONS),M-F
DK46,KPR-SFC (EXP NTG-EGJ-BHI),SAT
DK46,KPR-SFC (EXP NTG-EGJ-BHI),SUN
DK48,KPR-SFC (EXP NTG-EGJ-BHI),SAT
DK48,KPR-SFC (EXP NTG-EGJ-BHI),SUN
DK50,KPR-SFC (EXP NTG-EGJ-BHI),M-F
DK50,KPR-SFC (EXP NTG-EGJ-BHI),SAT
DK50,KPR-SFC (EXP NTG-EGJ-BHI),SUN
DK52,KPR-SFC (EXP NTG-EGJ-BHI),SAT
DK52,KPR-SFC (EXP NTG-EGJ-BHI),SUN
DK54,KPR-SFC (EXP NTG-EGJ-BHI),M-F
DK54,KPR-SFC (EXP NTG-EGJ-BHI),SAT
DK54,KPR-SFC (EXP NTG-EGJ-BHI),SUN
DK56,BHI-SFC (ALL STATIONS),M-F
DK56,KPR-SFC (EXP NTG-EGJ-BHI),SAT
DK56,KPR-SFC (EXP NTG-EGJ-BHI),SUN
DK58,BHI-SFC (ALL STATIONS),M-F
DK58,KPR-SFC (EXP NTG-EGJ-BHI),SAT
DK58,KPR-SFC (EXP NTG-EGJ-BHI),SUN
DK60,KPR-SFC (EXP NTG-EGJ-BHI),SAT
DK60,KPR-SFC (EXP NTG-EGJ-BHI),SUN
DK62,NBR-SFC (EXP PET-NTG),M-F
DK62,KPR-SFC (EXP NTG-EGJ-BHI),SAT
DK62,KPR-SFC (EXP NTG-EGJ-BHI),SUN
DK64,KPR-SFC (EXP NTG-EGJ-BHI),M-F
DK64,KPR-SFC (EXP NTG-EGJ-BHI),SAT
DK66,KPR-SFC (EXP NTG-EGJ-BHI),SAT
DK68,BHI-SFC (ALL STATIONS),M-F
DK68,KPR-SFC (EXP NTG-EGJ-BHI),SAT
DK70,KPR-SFC (EXP NTG-EGJ-BHI),M-F
DK70,KPR-SFC (EXP NTG-EGJ-BHI),SAT
DK72,BHI-SFC (ALL STATIONS),M-F
DK72,KPR-SFC (EXP NTG-EGJ-BHI),SAT
DK76,BHI-SFC (ALL STATIONS),M-F
DK78,KPR-SFC (EXP NTG-EGJ-BHI),M-F
DK80,BHI-SFC (ALL STATIONS),M-F
DK82,KPR-SFC (EXP NTG-EGJ-BHI),M-F
DK84,KPR-SFC (EXP NTG-EGJ-BHI),M-F
DK88,KPR-SFC (EXP NTG-EGJ-BHI),M-F
DK90,KPR-SFC (EXP NTG-EGJ-BHI),M-F
DK92,KPR-SFC (EXP NTG-EGJ-BHI),M-F
DK94,KPR-SFC (EXP NTG-EGJ-BHI),M-F
DK96,KPR-SFC (EXP NTG-EGJ-BHI),M-F
DK98,KPR-SFC (EXP NTG-EGJ-BHI),M-F
DKA0,KPR-SFC (EXP NTG-EGJ-BHI),M-F
DL05,IPS-NBR (ALL STATIONS),M-F
DL09,IPS-NBR (ALL STATIONS),M-F
DL15,RST-NBR (ALL STATIONS),M-F
DL17,SFC-NBR (ALL STATIONS),M-F
DL19,RST-NBR (ALL STATIONS),M-F
DL23,RST-NBR (ALL STATIONS),M-F
DL25,RST-NBR (ALL STATIONS),M-F
DLT1,IPS-NBR (EXP DAR-IDP-MTZ),M-F
DM01,VYS-BHI (ALL STATIONS),SAT
DM01,VYS-BHI (ALL STATIONS),SUN
DM03,VYS-BHI (ALL STATIONS),SAT
DM03,VYS-BHI (ALL STATIONS),SUN
DM05,VYS-BHI (ALL STATIONS),SAT
DM05,VYS-BHI (ALL STATIONS),SUN
DM07,VYS-BHI (ALL STATIONS),SAT
DM09,VYS-BHI (ALL STATIONS),SAT
DM11,VYS-BHI (ALL STATIONS),SAT
DM11,VYS-BHI (ALL STATIONS),SUN
DM13,VYS-BHI (ALL STATIONS),SAT
DM15,CVN-BHI (ALL STATIONS),SAT
DM17,CNQ-BHI (ALL STATIONS),M-F
DM19,VYS-BHI (ALL STATIONS),SAT
DM19,VYS-BHI (ALL STATIONS),SUN
DM21,BGR-BHI (ALL STATIONS),M-F
DM21,CVN-BHI (ALL STATIONS),SAT
DM21,CVN-BHI (ALL STATIONS),SUN
DM25,VYS-BHI (ALL STATIONS),SAT
DM29,VYS-BHI (ALL STATIONS),M-F
DM31,VYS-BHI (ALL STATIONS),M-F
DM33,VYS-BHI (ALL STATIONS),M-F
DM35,VYS-BHI (ALL STATIONS),M-F
DM37,VYS-BHI (ALL STATIONS),M-F
DM39,VYS-BHI (ALL STATIONS),M-F
DM41,CVN-BHI (ALL STATIONS),M-F
DM47,VYS-BHI (ALL STATIONS),M-F
DM51,VYS-BHI (ALL STATIONS),M-F
DMT3,CVN-BHI (EXP MNY-MJE),M-F
DMT5,CVN-BHI (EXP MNY-MJE),M-F
DMT7,CVN-BHI (EXP MNY-MJE),M-F
DMT9,CVN-BHI (EXP MNY-MJE),M-F
DP01,RST-BDT (ALL STATIONS),M-F
DP01,RST-BDT (ALL STATIONS),SAT
DP01,RST-BDT (ALL STATIONS),SUN
DP03,RST-BDT (ALL STATIONS),M-F
DP03,RST-BDT (ALL STATIONS),SAT
DP03,RST-BDT (ALL STATIONS),SUN
DP05,VYS-BDT (ALL STATIONS),M-F
DP05,RST-BDT (ALL STATIONS),SAT
DP05,RST-BDT (ALL STATIONS),SUN
DP07,VYS-BDT (ALL STATIONS),M-F
DP07,VYS-BDT (ALL STATIONS),SAT
DP07,VYS-BDT (ALL STATIONS),SUN
DP09,VYS-BDT (ALL STATIONS),M-F
DP09,VYS-BDT (ALL STATIONS),SAT
DP09,VYS-BDT (ALL STATIONS),SUN
DP11,VYS-BDT (ALL STATIONS),M-F
DP11,VYS-BDT (ALL STATIONS),SAT
DP11,VYS-BDT (ALL STATIONS),SUN
DP13,VYS-BDT (ALL STATIONS),M-F
DP13,VYS-BDT (ALL STATIONS),SAT
DP13,VYS-BDT (ALL STATIONS),SUN
DP15,VYS-BDT (ALL STATIONS),M-F
DP15,VYS-BDT (ALL STATIONS),SAT
DP15,VYS-BDT (ALL STATIONS),SUN
DP17,VYS-BDT (ALL STATIONS),M-F
DP17,VYS-BDT (ALL STATIONS),SAT
DP17,VYS-BDT (ALL STATIONS),SUN
DP19,VYS-BDT (ALL STATIONS),M-F
DP19,VYS-BDT (ALL STATIONS),SAT
DP19,VYS-BDT (ALL STATIONS),SUN
DP21,VYS-BDT (ALL STATIONS),M-F
DP21,VYS-BDT (ALL STATIONS),SAT
DP21,VYS-BDT (ALL STATIONS),SUN
DP23,VYS-BDT (ALL STATIONS),M-F
DP23,VYS-BDT (ALL STATIONS),SAT
DP23,VYS-BDT (ALL STATIONS),SUN
DP25,VYS-BDT (ALL STATIONS),M-F
DP25,VYS-BDT (ALL STATIONS),SAT
DP25,VYS-BDT (ALL STATIONS),SUN
DP27,VYS-BDT (ALL STATIONS),M-F
DP27,VYS-BDT (ALL STATIONS),SAT
DP27,VYS-BDT (ALL STATIONS),SUN
DP29,BGR-BDT (ALL STATIONS),M-F
DP29,VYS-BDT (ALL STATIONS),SAT
DP29,VYS-BDT (ALL STATIONS),SUN
DP31,VYS-BDT (ALL STATIONS),M-F
DP31,VYS-BDT (ALL STATIONS),SAT
DP31,VYS-BDT (ALL STATIONS),SUN
DP33,VYS-BDT (ALL STATIONS),SAT
DP33,VYS-BDT (ALL STATIONS),SUN
DP35,VYS-BDT (ALL STATIONS),M-F
DP35,VYS-BDT (ALL STATIONS),SAT
DP35,VYS-BDT (ALL STATIONS),SUN
DP37,VYS-BDT (ALL STATIONS),M-F
DP37,VYS-BDT (ALL STATIONS),SAT
DP37,VYS-BDT (ALL STATIONS),SUN
DP39,VYS-BDT (ALL STATIONS),M-F
DP39,VYS-BDT (ALL STATIONS),SAT
DP39,VYS-BDT (ALL STATIONS),SUN
DP41,VYS-BDT (ALL STATIONS),M-F
DP41,VYS-BDT (ALL STATIONS),SAT
DP41,VYS-BDT (ALL STATIONS),SUN
DP43,BGR-BDT (ALL STATIONS),M-F
DP43,VYS-BDT (ALL STATIONS),SAT
DP43,VYS-BDT (ALL STATIONS),SUN
DP45,VYS-BDT (ALL STATIONS),M-F
DP45,VYS-BDT (ALL STATIONS),SAT
DP45,VYS-BDT (ALL STATIONS),SUN
DP47,RST-BDT (ALL STATIONS),M-F
DP47,VYS-BDT (ALL STATIONS),SAT
DP47,VYS-BDT (ALL STATIONS),SUN
DP49,VYS-BDT (ALL STATIONS),M-F
DP49,VYS-BDT (ALL STATIONS),SAT
DP49,VYS-BDT (ALL STATIONS),SUN
DP51,RST-BDT (ALL STATIONS),M-F
DP51,VYS-BDT (ALL STATIONS),SAT
DP51,VYS-BDT (ALL STATIONS),SUN
DP53,VYS-BDT (ALL STATIONS),M-F
DP53,VYS-BDT (ALL STATIONS),SAT
DP53,VYS-BDT (ALL STATIONS),SUN
DP55,VYS-BDT (ALL STATIONS),M-F
DP55,VYS-BDT (ALL STATIONS),SAT
DP55,VYS-BDT (ALL STATIONS),SUN
DP57,VYS-BDT (ALL STATIONS),M-F
DP57,VYS-BDT (ALL STATIONS),SAT
DP57,VYS-BDT (ALL STATIONS),SUN
DP59,VYS-BDT (ALL STATIONS),M-F
DP59,VYS-BDT (ALL STATIONS),SAT
DP59,VYS-BDT (ALL STATIONS),SUN
DP61,BGR-BDT (ALL STATIONS),M-F
DP61,VYS-BDT (ALL STATIONS),SAT
DP61,VYS-BDT (ALL STATIONS),SUN
DP63,VYS-BDT (ALL STATIONS),M-F
DP63,VYS-BDT (ALL STATIONS),SAT
DP63,VYS-BDT (ALL STATIONS),SUN
DP65,RST-BDT (ALL STATIONS),M-F
DP65,VYS-BDT (ALL STATIONS),SAT
DP65,VYS-BDT (ALL STATIONS),SUN
DP67,VYS-BDT (ALL STATIONS),M-F
DP69,RST-BDT (ALL STATIONS),M-F
DP71,VYS-BDT (ALL STATIONS),M-F
DP73,RST-BDT (ALL STATIONS),M-F
DP75,VYS-BDT (ALL STATIONS),M-F
DP77,RST-BDT (ALL STATIONS),M-F
DP79,VYS-BDT (ALL STATIONS),M-F
DP81,RST-BDT (ALL STATIONS),M-F
DP83,VYS-BDT (ALL STATIONS),M-F
DP85,VYS-BDT (ALL STATIONS),M-F
DP87,VYS-BDT (ALL STATIONS),M-F
DP89,VYS-BDT (ALL STATIONS),M-F
DP91,VYS-BDT (ALL STATIONS),M-F
DP93,VYS-BDT (ALL STATIONS),M-F
DP95,VYS-BDT (ALL STATIONS),M-F
DP97,VYS-BDT (ALL STATIONS),M-F
DP99,VYS-BDT (ALL STATIONS),M-F
DR02,NTG-RST (ALL STATIONS),SAT
DR02,NTG-RST (ALL STATIONS),SUN
DR04,DBN-RST (ALL STATIONS),M-F
DR04,NTG-RST (ALL STATIONS),SAT
DR04,NTG-RST (ALL STATIONS),SUN
DR06,DBN-RST (ALL STATIONS),M-F
DR06,NTG-RST (ALL STATIONS),SAT
DR06,NTG-RST (ALL STATIONS),SUN
DR08,NTG-RST (ALL STATIONS),SAT
DR08,NTG-RST (ALL STATIONS),SUN
DR10,NTG-RST (ALL STATIONS),SAT
DR10,NTG-RST (ALL STATIONS),SUN
DR12,NTG-RST (ALL STATIONS),M-F
DR12,NTG-RST (ALL STATIONS),SUN
DR14,BDT-RST (ALL STATIONS),M-F
DR14,NTG-RST (ALL STATIONS),SAT
DR14,NTG-RST (ALL STATIONS),SUN
DR16,DBN-RST (ALL STATIONS),M-F
DR16,NTG-RST (ALL STATIONS),SAT
DR16,NTG-RST (ALL STATIONS),SUN
DR18,NTG-RST (ALL STATIONS),SAT
DR18,NTG-RST (ALL STATIONS),SUN
DR20,DBN-RST (ALL STATIONS),M-F
DR20,NTG-RST (ALL STATIONS),SAT
DR20,NTG-RST (ALL STATIONS),SUN
DR22,NTG-RST (ALL STATIONS),SAT
DR22,NTG-RST (ALL STATIONS),SUN
DR24,DBN-RST (ALL STATIONS),M-F
DR24,NTG-RST (ALL STATIONS),SAT
DR24,NTG-RST (ALL STATIONS),SUN
DR26,NTG-RST (ALL STATIONS),SAT
DR26,NTG-RST (ALL STATIONS),SUN
DR28,DBN-RST (ALL STATIONS),M-F
DR28,NTG-RST (ALL STATIONS),SAT
DR28,NTG-RST (ALL STATIONS),SUN
DR30,DBN-RST (ALL STATIONS),M-F
DR30,NTG-RST (ALL STATIONS),SAT
DR30,SHC-RST (ALL STATIONS),SUN
DR32,BDT-RST (ALL STATIONS),M-F
DR32,NTG-RST (ALL STATIONS),SAT
DR34,NTG-RST (ALL STATIONS),SAT
DR36,BDT-RST (ALL STATIONS),M-F
DR36,NTG-RST (ALL STATIONS),SAT
DR38,DBN-RST (ALL STATIONS),M-F
DR38,NTG-RST (ALL STATIONS),SAT
DR40,DBN-RST (ALL STATIONS),M-F
DR40,NTG-RST (ALL STATIONS),SAT
DR42,NTG-RST (ALL STATIONS),SAT
DR44,DBN-RST (ALL STATIONS),M-F
DR44,NTG-RST (ALL STATIONS),SAT
DR46,DBN-RST (ALL STATIONS),M-F
DR46,NTG-RST (ALL STATIONS),SAT
DR48,NTG-RST (ALL STATIONS),SAT
DR50,DBN-RST (ALL STATIONS),M-F
DR50,NTG-RST (ALL STATIONS),SAT
DR52,DBN-RST (ALL STATIONS),M-F
DR52,NTG-RST (ALL STATIONS),SAT
DR54,DBN-RST (ALL STATIONS),M-F
DR54,NTG-RST (ALL STATIONS),SAT
DR56,DBN-RST (ALL STATIONS),M-F
DR56,DBN-RST (ALL STATIONS),SAT
DR58,NTG-RST (ALL STATIONS),SAT
DR60,NTG-RST (ALL STATIONS),SAT
DR62,NTG-RST (ALL STATIONS),SAT
DR64,SHC-RST (ALL STATIONS),M-F
DR66,NTG-RST (ALL STATIONS),M-F
DR66,NTG-RST (ALL STATIONS),SAT
DR68,DBN-RST (ALL STATIONS),M-F
DR68,NTG-RST (ALL STATIONS),SAT
DR70,NTG-RST (ALL STATIONS),M-F
DR70,NTG-RST (ALL STATIONS),SAT
DR72,NTG-RST (ALL STATIONS),SAT
DR74,NTG-RST (ALL STATIONS),M-F
DR74,NTG-RST (ALL STATIONS),SAT
DR76,NTG-RST (ALL STATIONS),M-F
DR76,NTG-RST (ALL STATIONS),SAT
DR78,NTG-RST (ALL STATIONS),SAT
DR80,NTG-RST (ALL STATIONS),M-F
DR80,NTG-RST (ALL STATIONS),SAT
DR82,NTG-RST (ALL STATIONS),M-F
DR86,SHC-RST (ALL STATIONS),M-F
DR86,SHC-RST (ALL STATIONS),SAT
DR90,DBN-RST (ALL STATIONS),M-F
DRM8,DBN-RST (ALL STATIONS),M-F
DRN0,DBN-RST (ALL STATIONS),M-F
DRN0,SHC-RST (ALL STATIONS),M-F
DRN0,NTG-RST (ALL STATIONS),SUN
DRN2,NTG-RST (ALL STATIONS),M-F
DRN2,DBN-RST (ALL STATIONS),SAT
DRN2,SHC-RST (ALL STATIONS),SUN
DRN4,NTG-RST (ALL STATIONS),M-F
DRN4,NTG-RST (ALL STATIONS),SAT
DRN6,SHC-RST (ALL STATIONS),SUN
DRN8,SHC-RST (ALL STATIONS),SUN
DS02,DBN-BGR (ALL STATIONS),SAT
DS02,DBN-BGR (ALL STATIONS),SUN
DS04,NTG-BGR (ALL STATIONS),M-F
DS04,DBN-BGR (ALL STATIONS),SAT
DS06,DBN-BGR (ALL STATIONS),SAT
DS06,DBN-BGR (ALL STATIONS),SUN
DS08,DBN-BGR (ALL STATIONS),SAT
DS10,DBN-BGR (ALL STATIONS),SAT
DS10,DBN-BGR (ALL STATIONS),SUN
DS12,DBN-BGR (ALL STATIONS),SAT
DS14,DBN-BGR (ALL STATIONS),SAT
DS14,DBN-BGR (ALL STATIONS),SUN
DS16,DBN-BGR (ALL STATIONS),SAT
DS18,DBN-BGR (ALL STATIONS),SAT
DS18,DBN-BGR (ALL STATIONS),SUN
DS20,DBN-BGR (ALL STATIONS),SAT
DS22,DBN-BGR (ALL STATIONS),SAT
DS22,DBN-BGR (ALL STATIONS),SUN
DS30,NTG-BGR (ALL STATIONS),M-F
DS34,BDT-BGR (ALL STATIONS),M-F
DS36,NTG-BGR (ALL STATIONS),M-F
DS38,NTG-BGR (ALL STATIONS),M-F
DS40,BDT-BGR (ALL STATIONS),M-F
DS42,DBN-BGR (ALL STATIONS),M-F
DS44,NTG-BGR (ALL STATIONS),M-F
DS46,BDT-BGR (ALL STATIONS),M-F
DS48,BDT-BGR (ALL STATIONS),M-F
DS50,BDT-BGR (ALL STATIONS),M-F
DW01,RST-NTG (ALL STATIONS),SAT
DW01,RST-NTG (ALL STATIONS),SUN
DW03,RST-NTG (ALL STATIONS),M-F
DW03,RST-NTG (ALL STATIONS),SAT
DW03,RST-NTG (ALL STATIONS),SUN
DW05,RST-NTG (ALL STATIONS),SAT
DW05,RST-NTG (ALL STATIONS),SUN
DW07,RST-NTG (ALL STATIONS),SAT
DW07,RST-NTG (ALL STATIONS),SUN
DW09,CVN-NTG (ALL STATIONS),M-F
DW09,RST-NTG (ALL STATIONS),SAT
DW09,RST-NTG (ALL STATIONS),SUN
DW11,CNQ-NTG (ALL STATIONS),M-F
DW11,RST-NTG (ALL STATIONS),SAT
DW11,RST-NTG (ALL STATIONS),SUN
DW13,CNQ-NTG (ALL STATIONS),M-F
DW13,RST-NTG (ALL STATIONS),SAT
DW13,RST-NTG (ALL STATIONS),SUN
DW15,RST-NTG (ALL STATIONS),SAT
DW15,RST-NTG (ALL STATIONS),SUN
DW17,RST-NTG (ALL STATIONS),SAT
DW17,RST-NTG (ALL STATIONS),SUN
DW19,CNQ-NTG (ALL STATIONS),M-F
DW19,RST-NTG (ALL STATIONS),SAT
DW19,RST-NTG (ALL STATIONS),SUN
DW21,CNQ-NTG (ALL STATIONS),M-F
DW21,RST-NTG (ALL STATIONS),SAT
DW21,RST-NTG (ALL STATIONS),SUN
DW23,RST-NTG (ALL STATIONS),SAT
DW23,RST-NTG (ALL STATIONS),SUN
DW25,RST-NTG (ALL STATIONS),SAT
DW25,RST-NTG (ALL STATIONS),SUN
DW27,RST-NTG (ALL STATIONS),M-F
DW27,RST-NTG (ALL STATIONS),SAT
DW27,RST-NTG (ALL STATIONS),SUN
DW29,RST-NTG (ALL STATIONS),M-F
DW29,RST-NTG (ALL STATIONS),SAT
DW29,RST-NTG (ALL STATIONS),SUN
DW31,RST-NTG (ALL STATIONS),SAT
DW31,RST-NTG (ALL STATIONS),SUN
DW33,BGR-NTG (ALL STATIONS),M-F
DW33,RST-NTG (ALL STATIONS),SAT
DW33,RST-NTG (ALL STATIONS),SUN
DW35,BGR-NTG (ALL STATIONS),M-F
DW35,RST-NTG (ALL STATIONS),SAT
DW35,RST-NTG (ALL STATIONS),SUN
DW37,RST-NTG (ALL STATIONS),M-F
DW37,RST-NTG (ALL STATIONS),SAT
DW37,RST-NTG (ALL STATIONS),SUN
DW39,RST-NTG (ALL STATIONS),M-F
DW39,RST-NTG (ALL STATIONS),SAT
DW39,RST-NTG (ALL STATIONS),SUN
DW41,MNY-NTG (ALL STATIONS),M-F
DW41,RST-NTG (ALL STATIONS),SAT
DW41,RST-NTG (ALL STATIONS),SUN
DW43,RST-NTG (ALL STATIONS),SAT
DW43,RST-NTG (ALL STATIONS),SUN
DW45,CVN-NTG (ALL STATIONS),M-F
DW45,RST-NTG (ALL STATIONS),SAT
DW45,RST-NTG (ALL STATIONS),SUN
DW47,RST-NTG (ALL STATIONS),SAT
DW47,RST-NTG (ALL STATIONS),SUN
DW49,CVN-NTG (ALL STATIONS),M-F
DW49,RST-NTG (ALL STATIONS),SAT
DW49,RST-NTG (ALL STATIONS),SUN
DW51,RST-NTG (ALL STATIONS),M-F
DW51,RST-NTG (ALL STATIONS),SAT
DW51,RST-NTG (ALL STATIONS),SUN
DW53,RST-NTG (ALL STATIONS),SAT
DW53,RST-NTG (ALL STATIONS),SUN
DW55,RST-NTG (ALL STATIONS),M-F
DW55,RST-NTG (ALL STATIONS),SAT
DW55,RST-NTG (ALL STATIONS),SUN
DW57,RST-NTG (ALL STATIONS),M-F
DW57,RST-NTG (ALL STATIONS),SAT
DW57,RST-NTG (ALL STATIONS),SUN
DW59,RST-NTG (ALL STATIONS),SAT
DW59,RST-NTG (ALL STATIONS),SUN
DW61,RST-NTG (ALL STATIONS),M-F
DW61,RST-NTG (ALL STATIONS),SAT
DW61,RST-NTG (ALL STATIONS),SUN
DW63,RST-NTG (ALL STATIONS),M-F
DW63,RST-NTG (ALL STATIONS),SAT
DW63,RST-NTG (ALL STATIONS),SUN
DW65,RST-NTG (ALL STATIONS),SAT
DW65,RST-NTG (ALL STATIONS),SUN
DW67,RST-NTG (ALL STATIONS),SAT
DW67,RST-NTG (ALL STATIONS),SUN
DW69,RST-NTG (ALL STATIONS),SAT
DW71,RST-NTG (ALL STATIONS),SAT
DW73,RST-NTG (ALL STATIONS),SAT
DW75,RST-NTG (ALL STATIONS),SAT
DW77,RST-NTG (ALL STATIONS),SAT
DW79,RST-NTG (ALL STATIONS),SAT
DY01,RST-KPR (EXP BHI-EGJ-NTG),M-F
DY01,RST-KPR (EXP BHI-EGJ-NTG),SAT
DY01,RST-KPR (EXP BHI-EGJ-NTG),SUN
DY03,RST-KPR (EXP BHI-EGJ-NTG),M-F
DY03,RST-KPR (EXP BHI-EGJ-NTG),SAT
DY03,RST-KPR (EXP BHI-EGJ-NTG),SUN
DY05,RST-KPR (EXP BHI-EGJ-NTG),SAT
DY05,RST-KPR (EXP BHI-EGJ-NTG),SUN
DY07,SFC-KPR (EXP BHI-EGJ-NTG),M-F
DY07,SFC-KPR (EXP BHI-EGJ-NTG),SAT
DY07,RST-KPR (EXP BHI-EGJ-NTG),SUN
DY09,SFC-KPR (EXP BHI-EGJ-NTG),M-F
DY09,SFC-KPR (EXP BHI-EGJ-NTG),SAT
DY09,RST-KPR (EXP BHI-EGJ-NTG),SUN
DY11,SFC-KPR (EXP BHI-EGJ-NTG),M-F
DY11,SFC-KPR (EXP BHI-EGJ-NTG),SAT
DY11,RST-KPR (EXP BHI-EGJ-NTG),SUN
DY13,SFC-KPR (EXP BHI-EGJ-NTG),M-F
DY13,SFC-KPR (EXP BHI-EGJ-NTG),SAT
DY13,RST-KPR (EXP BHI-EGJ-NTG),SUN
DY15,SFC-KPR (EXP BHI-EGJ-NTG),M-F
DY15,SFC-KPR (EXP BHI-EGJ-NTG),SAT
DY15,RST-KPR (EXP BHI-EGJ-NTG),SUN
DY17,SFC-KPR (EXP BHI-EGJ-NTG),SAT
DY17,SFC-KPR (EXP BHI-EGJ-NTG),SUN
DY19,SFC-KPR (EXP BHI-EGJ-NTG),M-F
DY19,SFC-KPR (EXP BHI-EGJ-NTG),SAT
DY19,SFC-KPR (EXP BHI-EGJ-NTG),SUN
DY21,SFC-KPR (EXP BHI-EGJ-NTG),M-F
DY21,SFC-KPR (EXP BHI-EGJ-NTG),SAT
DY21,SFC-KPR (EXP BHI-EGJ-NTG),SUN
DY23,SFC-KPR (EXP BHI-EGJ-NTG),M-F
DY23,SFC-KPR (EXP BHI-EGJ-NTG),SAT
DY23,SFC-KPR (EXP BHI-EGJ-NTG),SUN
DY25,SFC-KPR (EXP BHI-EGJ-NTG),M-F
DY25,SFC-KPR (EXP BHI-EGJ-NTG),SAT
DY25,SFC-KPR (EXP BHI-EGJ-NTG),SUN
DY27,SFC-KPR (EXP BHI-EGJ-NTG),M-F
DY27,SFC-KPR (EXP BHI-EGJ-NTG),SAT
DY27,SFC-KPR (EXP BHI-EGJ-NTG),SUN
DY29,SFC-KPR (EXP BHI-EGJ-NTG),M-F
DY29,SFC-KPR (EXP BHI-EGJ-NTG),SAT
DY29,SFC-KPR (EXP BHI-EGJ-NTG),SUN
DY31,SFC-KPR (EXP BHI-EGJ-NTG),M-F
DY31,SFC-KPR (EXP BHI-EGJ-NTG),SAT
DY31,SFC-KPR (EXP BHI-EGJ-NTG),SUN
DY33,SFC-KPR (EXP BHI-EGJ-NTG),SAT
DY33,SFC-KPR (EXP BHI-EGJ-NTG),SUN
DY35,SFC-KPR (EXP BHI-EGJ-NTG),M-F
DY35,SFC-KPR (EXP BHI-EGJ-NTG),SAT
DY35,SFC-KPR (EXP BHI-EGJ-NTG),SUN
DY37,SFC-KPR (EXP BHI-EGJ-NTG),M-F
DY37,SFC-KPR (EXP BHI-EGJ-NTG),SAT
DY37,SFC-KPR (EXP BHI-EGJ-NTG),SUN
DY39,SFC-KPR (EXP BHI-EGJ-NTG),M-F
DY39,SFC-KPR (EXP BHI-EGJ-NTG),SAT
DY39,SFC-KPR (EXP BHI-EGJ-NTG),SUN
DY41,SFC-KPR (EXP BHI-EGJ-NTG),SAT
DY41,SFC-KPR (EXP BHI-EGJ-NTG),SUN
DY43,RST-KPR (EXP BHI-EGJ-NTG),M-F
DY43,SFC-KPR (EXP BHI-EGJ-NTG),SAT
DY43,SFC-KPR (EXP BHI-EGJ-NTG),SUN
DY45,SFC-KPR (EXP BHI-EGJ-NTG),SAT
DY45,SFC-KPR (EXP BHI-EGJ-NTG),SUN
DY47,IPS-KPR (EXP BHI-EGJ-NTG),M-F
DY47,SFC-KPR (EXP BHI-EGJ-NTG),SAT
DY47,SFC-KPR (EXP BHI-EGJ-NTG),SUN
DY49,SFC-KPR (EXP BHI-EGJ-NTG),SAT
DY49,SFC-KPR (EXP BHI-EGJ-NTG),SUN
DY51,IPS-KPR (EXP BHI-EGJ-NTG),M-F
DY51,SFC-KPR (EXP BHI-EGJ-NTG),SAT
DY51,SFC-KPR (EXP BHI-EGJ-NTG),SUN
DY53,SFC-KPR (EXP BHI-EGJ-NTG),SAT
DY53,SFC-KPR (EXP BHI-EGJ-NTG),SUN
DY55,RST-KPR (EXP BHI-EGJ-NTG),M-F
DY55,SFC-KPR (EXP BHI-EGJ-NTG),SAT
DY55,SFC-KPR (EXP BHI-EGJ-NTG),SUN
DY57,SFC-KPR (EXP BHI-EGJ-NTG),SAT
DY57,SFC-KPR (EXP BHI-EGJ-NTG),SUN
DY59,RST-KPR (EXP BHI-EGJ-NTG),M-F
DY59,SFC-KPR (EXP BHI-EGJ-NTG),SAT
DY59,SFC-KPR (EXP BHI-EGJ-NTG),SUN
DY61,RST-KPR (EXP BHI-EGJ-NTG),M-F
DY61,SFC-KPR (EXP BHI-EGJ-NTG),SAT
DY61,SFC-KPR (EXP BHI-EGJ-NTG),SUN
DY63,IPS-KPR (EXP BHI-EGJ-NTG),M-F
DY63,SFC-KPR (EXP BHI-EGJ-NTG),SAT
DY63,SFC-KPR (EXP BHI-EGJ-NTG),SUN
DY65,RST-KPR (EXP BHI-EGJ-NTG),M-F
DY65,SFC-KPR (EXP BHI-EGJ-NTG),SAT
DY65,SFC-KPR (EXP BHI-EGJ-NTG),SUN
DY67,RST-KPR (EXP BHI-EGJ-NTG),M-F
DY67,SFC-KPR (EXP BHI-EGJ-NTG),SAT
DY67,SFC-KPR (EXP BHI-EGJ-NTG),SUN
DY69,RST-KPR (EXP BHI-EGJ-NTG),M-F
DY69,SFC-KPR (EXP BHI-EGJ-NTG),SAT
DY69,SFC-KPR (EXP BHI-EGJ-NTG),SUN
DY71,RST-KPR (EXP BHI-EGJ-NTG),M-F
DY71,SFC-KPR (EXP BHI-EGJ-NTG),SAT
DY73,SFC-KPR (EXP BHI-EGJ-NTG),SAT
DY75,RST-KPR (EXP BHI-EGJ-NTG),M-F
DY75,SFC-KPR (EXP BHI-EGJ-NTG),SAT
DY77,RST-KPR (EXP BHI-EGJ-NTG),M-F
DY77,SFC-KPR (EXP BHI-EGJ-NTG),SAT
DY79,SFC-KPR (EXP BHI-EGJ-NTG),M-F
DY79,RST-KPR (EXP BHI-EGJ-NTG),SAT
DY81,RST-KPR (EXP BHI-EGJ-NTG),M-F
DY81,RST-KPR (EXP BHI-EGJ-NTG),SAT
DY83,SFC-KPR (EXP BHI-EGJ-NTG),M-F
DY85,SFC-KPR (EXP BHI-EGJ-NTG),M-F
DY87,SFC-KPR (EXP BHI-EGJ-NTG),M-F
DY89,SFC-KPR (EXP BHI-EGJ-NTG),M-F
DY91,SFC-KPR (EXP BHI-EGJ-NTG),M-F
DY95,SFC-KPR (EXP BHI-EGJ-NTG),M-F
DY97,SFC-KPR (EXP BHI-EGJ-NTG),M-F
DY99,SFC-KPR (EXP BHI-EGJ-NTG),M-F
DYA1,SFC-KPR (EXP BHI-EGJ-NTG),M-F
DYA3,SFC-KPR (EXP BHI-EGJ-NTG),M-F
DYA5,SFC-KPR (EXP BHI-EGJ-NTG),M-F
DYA7,SFC-KPR (EXP BHI-EGJ-NTG),M-F
E003,DESTINATION = SPECIAL,SAT
E041,DESTINATION = SPECIAL,M-F
E041,DESTINATION = SPECIAL,SAT
E043,DESTINATION = SPECIAL,M-F
E045,DESTINATION = SPECIAL,M-F
E0N3,DESTINATION = SPECIAL,M-F
E0N4,DESTINATION = SPECIAL,SAT
E0T3,DESTINATION = SPECIAL,M-F
E0U1,DESTINATION = SPECIAL,M-F
E102,DESTINATION = SPECIAL,M-F
E103,DESTINATION = SPECIAL,SUN
E105,DESTINATION = SPECIAL,M-F
E105,DESTINATION = SPECIAL,SAT
E105,DESTINATION = SPECIAL,SUN
E107,DESTINATION = SPECIAL,M-F
E107,DESTINATION = SPECIAL,SAT
E107,DESTINATION = SPECIAL,SUN
E111,DESTINATION = SPECIAL,M-F
E115,DESTINATION = SPECIAL,M-F
E117,DESTINATION = SPECIAL,M-F
E121,DESTINATION = SPECIAL,M-F
E123,DESTINATION = SPECIAL,M-F
E125,DESTINATION = SPECIAL,M-F
E127,DESTINATION = SPECIAL,M-F
E129,DESTINATION = SPECIAL,M-F
E131,DESTINATION = SPECIAL,M-F
E133,DESTINATION = SPECIAL,M-F
E135,DESTINATION = SPECIAL,M-F
E141,DESTINATION = SPECIAL,M-F
E145,DESTINATION = SPECIAL,M-F
E149,DESTINATION = SPECIAL,M-F
E157,DESTINATION = SPECIAL,M-F
E159,DESTINATION = SPECIAL,M-F
E1A1,DESTINATION = SPECIAL,M-F
E1A5,DESTINATION = SPECIAL,M-F
E1T7,DESTINATION = SPECIAL,M-F
E1U7,DESTINATION = SPECIAL,M-F
E502,DESTINATION = SPECIAL,M-F
E504,DESTINATION = SPECIAL,M-F
E504,DESTINATION = SPECIAL,SUN
E506,DESTINATION = SPECIAL,M-F
E506,DESTINATION = SPECIAL,SAT
E506,DESTINATION = SPECIAL,SUN
E510,DESTINATION = SPECIAL,M-F
E514,DESTINATION = SPECIAL,M-F
E516,DESTINATION = SPECIAL,M-F
E528,DESTINATION = SPECIAL,M-F
E534,DESTINATION = SPECIAL,M-F
E542,DESTINATION = SPECIAL,M-F
E544,DESTINATION = SPECIAL,M-F
E558,DESTINATION = SPECIAL,M-F
E570,DESTINATION = SPECIAL,M-F
E576,DESTINATION = SPECIAL,M-F
E5X4,DESTINATION = SPECIAL,M-F
E5X6,DESTINATION = SPECIAL,M-F
E5Y4,DESTINATION = SPECIAL,M-F
E6T2,DESTINATION = SPECIAL,M-F
E804,DESTINATION = SPECIAL,SAT
E806,DESTINATION = SPECIAL,M-F
E808,DESTINATION = SPECIAL,M-F
E810,DESTINATION = SPECIAL,M-F
E814,DESTINATION = SPECIAL,M-F
E816,DESTINATION = SPECIAL,M-F
E818,DESTINATION = SPECIAL,M-F
E820,DESTINATION = SPECIAL,M-F
E822,DESTINATION = SPECIAL,M-F
E824,DESTINATION = SPECIAL,M-F
E8X0,DESTINATION = SPECIAL,M-F
E910,DESTINATION = SPECIAL,SUN
E914,DESTINATION = SPECIAL,SUN
E916,DESTINATION = SPECIAL,SUN
E918,DESTINATION = SPECIAL,SUN
E920,DESTINATION = SPECIAL,SUN
E922,DESTINATION = SPECIAL,SUN
E924,DESTINATION = SPECIAL,SUN
E926,DESTINATION = SPECIAL,SUN
E928,DESTINATION = SPECIAL,SUN
E930,DESTINATION = SPECIAL,SUN
E932,DESTINATION = SPECIAL,SUN
E934,DESTINATION = SPECIAL,SUN
E936,DESTINATION = SPECIAL,SUN
E938,DESTINATION = SPECIAL,SUN
E940,DESTINATION = SPECIAL,SUN
E942,DESTINATION = SPECIAL,SUN
E944,DESTINATION = SPECIAL,SUN
EA01,DESTINATION = SPECIAL,SAT
EA01,DESTINATION = SPECIAL,SUN
EA02,DESTINATION = SPECIAL,M-F
EA02,DESTINATION = SPECIAL,SAT
EA03,DESTINATION = SPECIAL,M-F
EA03,DESTINATION = SPECIAL,SAT
EA03,DESTINATION = SPECIAL,SUN
EA04,DESTINATION = SPECIAL,M-F
EA05,DESTINATION = SPECIAL,M-F
EA05,DESTINATION = SPECIAL,SAT
EA05,DESTINATION = SPECIAL,SUN
EA07,DESTINATION = SPECIAL,SAT
EA07,DESTINATION = SPECIAL,SUN
EA09,DESTINATION = SPECIAL,SAT
EA09,DESTINATION = SPECIAL,SUN
EA11,DESTINATION = SPECIAL,M-F
EA11,DESTINATION = SPECIAL,SAT
EA11,DESTINATION = SPECIAL,SUN
EA13,DESTINATION = SPECIAL,M-F
EA13,DESTINATION = SPECIAL,SAT
EA13,DESTINATION = SPECIAL,SUN
EA15,DESTINATION = SPECIAL,M-F
EA15,DESTINATION = SPECIAL,SAT
EA15,DESTINATION = SPECIAL,SUN
EA17,DESTINATION = SPECIAL,M-F
EA17,DESTINATION = SPECIAL,SAT
EA17,DESTINATION = SPECIAL,SUN
EA19,DESTINATION = SPECIAL,M-F
EA19,DESTINATION = SPECIAL,SAT
EA19,DESTINATION = SPECIAL,SUN
EA21,DESTINATION = SPECIAL,M-F
EA21,DESTINATION = SPECIAL,SAT
EA21,DESTINATION = SPECIAL,SUN
EA23,DESTINATION = SPECIAL,SAT
EA23,DESTINATION = SPECIAL,SUN
EA25,DESTINATION = SPECIAL,SAT
EA25,DESTINATION = SPECIAL,SUN
EA27,DESTINATION = SPECIAL,M-F
EA27,DESTINATION = SPECIAL,SAT
EA27,DESTINATION = SPECIAL,SUN
EA29,DESTINATION = SPECIAL,M-F
EA29,DESTINATION = SPECIAL,SAT
EA29,DESTINATION = SPECIAL,SUN
EA31,DESTINATION = SPECIAL,M-F
EA31,DESTINATION = SPECIAL,SAT
EA31,DESTINATION = SPECIAL,SUN
EA33,DESTINATION = SPECIAL,M-F
EA33,DESTINATION = SPECIAL,SAT
EA33,DESTINATION = SPECIAL,SUN
EA35,DESTINATION = SPECIAL,SAT
EA35,DESTINATION = SPECIAL,SUN
EA37,DESTINATION = SPECIAL,SAT
EA37,DESTINATION = SPECIAL,SUN
EA39,DESTINATION = SPECIAL,M-F
EA39,DESTINATION = SPECIAL,SAT
EA39,DESTINATION = SPECIAL,SUN
EA41,DESTINATION = SPECIAL,M-F
EA41,DESTINATION = SPECIAL,SAT
EA41,DESTINATION = SPECIAL,SUN
EA43,DESTINATION = SPECIAL,SAT
EA43,DESTINATION = SPECIAL,SUN
EA45,DESTINATION = SPECIAL,SAT
EA45,DESTINATION = SPECIAL,SUN
EA47,DESTINATION = SPECIAL,M-F
EA47,DESTINATION = SPECIAL,SAT
EA47,DESTINATION = SPECIAL,SUN
EA49,DESTINATION = SPECIAL,M-F
EA49,DESTINATION = SPECIAL,SAT
EA49,DESTINATION = SPECIAL,SUN
EA51,DESTINATION = SPECIAL,SAT
EA51,DESTINATION = SPECIAL,SUN
EA53,DESTINATION = SPECIAL,M-F
EA53,DESTINATION = SPECIAL,SAT
EA53,DESTINATION = SPECIAL,SUN
EA55,DESTINATION = SPECIAL,M-F
EA55,DESTINATION = SPECIAL,SAT
EA55,DESTINATION = SPECIAL,SUN
EA57,DESTINATION = SPECIAL,M-F
EA57,DESTINATION = SPECIAL,SAT
EA57,DESTINATION = SPECIAL,SUN
EA59,DESTINATION = SPECIAL,M-F
EA59,DESTINATION = SPECIAL,SAT
EA59,DESTINATION = SPECIAL,SUN
EA61,DESTINATION = SPECIAL,M-F
EA61,DESTINATION = SPECIAL,SAT
EA61,DESTINATION = SPECIAL,SUN
EA63,DESTINATION = SPECIAL,M-F
EA63,DESTINATION = SPECIAL,SAT
EA63,DESTINATION = SPECIAL,SUN
EA65,DESTINATION = SPECIAL,M-F
EA65,DESTINATION = SPECIAL,SAT
EA65,DESTINATION = SPECIAL,SUN
EA67,DESTINATION = SPECIAL,M-F
EA67,DESTINATION = SPECIAL,SAT
EA67,DESTINATION = SPECIAL,SUN
EA69,DESTINATION = SPECIAL,M-F
EA69,DESTINATION = SPECIAL,SAT
EA71,DESTINATION = SPECIAL,M-F
EA71,DESTINATION = SPECIAL,SAT
EA73,DESTINATION = SPECIAL,M-F
EA73,DESTINATION = SPECIAL,SAT
EA75,DESTINATION = SPECIAL,SAT
EA77,DESTINATION = SPECIAL,SAT
EA79,DESTINATION = SPECIAL,M-F
EA79,DESTINATION = SPECIAL,SAT
EA81,DESTINATION = SPECIAL,M-F
EA81,DESTINATION = SPECIAL,SAT
EA83,DESTINATION = SPECIAL,M-F
EA83,DESTINATION = SPECIAL,SAT
EA85,DESTINATION = SPECIAL,M-F
EA89,DESTINATION = SPECIAL,M-F
EA91,DESTINATION = SPECIAL,M-F
EAB9,DESTINATION = SPECIAL,M-F
EAP1,DESTINATION = SPECIAL,M-F
EB01,DESTINATION = SPECIAL,SAT
EB05,DESTINATION = SPECIAL,SAT
EB05,DESTINATION = SPECIAL,SUN
EB07,DESTINATION = SPECIAL,M-F
EB07,DESTINATION = SPECIAL,SAT
EB09,DESTINATION = SPECIAL,SAT
EB09,DESTINATION = SPECIAL,SUN
EB11,DESTINATION = SPECIAL,SAT
EB13,DESTINATION = SPECIAL,SAT
EB13,DESTINATION = SPECIAL,SUN
EB15,DESTINATION = SPECIAL,SAT
EB17,DESTINATION = SPECIAL,M-F
EB17,DESTINATION = SPECIAL,SAT
EB17,DESTINATION = SPECIAL,SUN
EB19,DESTINATION = SPECIAL,SAT
EB21,DESTINATION = SPECIAL,SAT
EB21,DESTINATION = SPECIAL,SUN
EB23,DESTINATION = SPECIAL,SAT
EB25,DESTINATION = SPECIAL,SAT
EB25,DESTINATION = SPECIAL,SUN
EB49,DESTINATION = SPECIAL,M-F
ED01,DESTINATION = SPECIAL,M-F
ED01,DESTINATION = SPECIAL,SAT
ED03,DESTINATION = SPECIAL,M-F
ED03,DESTINATION = SPECIAL,SAT
ED06,DESTINATION = SPECIAL,M-F
ED07,DESTINATION = SPECIAL,M-F
ED09,DESTINATION = SPECIAL,M-F
ED12,DESTINATION = SPECIAL,M-F
ED18,DESTINATION = SPECIAL,M-F
ED24,DESTINATION = SPECIAL,M-F
ED36,DESTINATION = SPECIAL,M-F
EDK7,DESTINATION = SPECIAL,M-F
EFB1,DESTINATION = SPECIAL,M-F
EFB1,DESTINATION = SPECIAL,SAT
EFB1,DESTINATION = SPECIAL,SUN
EFB2,DESTINATION = SPECIAL,M-F
EFB2,DESTINATION = SPECIAL,SAT
EFB2,DESTINATION = SPECIAL,SUN
EG01,DESTINATION = SPECIAL,M-F
EG01,DESTINATION = SPECIAL,SAT
EG01,DESTINATION = SPECIAL,SUN
EG02,DESTINATION = SPECIAL,M-F
EG02,DESTINATION = SPECIAL,SAT
EG02,DESTINATION = SPECIAL,SUN
EG03,DESTINATION = SPECIAL,M-F
EG03,DESTINATION = SPECIAL,SAT
EG03,DESTINATION = SPECIAL,SUN
EG04,DESTINATION = SPECIAL,M-F
EG04,DESTINATION = SPECIAL,SAT
EG04,DESTINATION = SPECIAL,SUN
EG05,DESTINATION = SPECIAL,M-F
EG05,DESTINATION = SPECIAL,SAT
EG05,DESTINATION = SPECIAL,SUN
EG06,DESTINATION = SPECIAL,M-F
EG06,DESTINATION = SPECIAL,SAT
EG06,DESTINATION = SPECIAL,SUN
EG07,DESTINATION = SPECIAL,M-F
EG07,DESTINATION = SPECIAL,SUN
EG08,DESTINATION = SPECIAL,M-F
EG08,DESTINATION = SPECIAL,SUN
EG09,DESTINATION = SPECIAL,M-F
EG10,DESTINATION = SPECIAL,M-F
EG11,DESTINATION = SPECIAL,M-F
EG12,DESTINATION = SPECIAL,M-F
EG13,DESTINATION = SPECIAL,M-F
EG14,DESTINATION = SPECIAL,M-F
EG15,DESTINATION = SPECIAL,M-F
EG16,DESTINATION = SPECIAL,M-F
EG17,DESTINATION = SPECIAL,M-F
EG18,DESTINATION = SPECIAL,M-F
EG19,DESTINATION = SPECIAL,M-F
EG20,DESTINATION = SPECIAL,M-F
EG21,DESTINATION = SPECIAL,M-F
EG22,DESTINATION = SPECIAL,M-F
EG24,DESTINATION = SPECIAL,M-F
EG44,DESTINATION = SPECIAL,M-F
EG58,DESTINATION = SPECIAL,M-F
EG64,DESTINATION = SPECIAL,M-F
EH02,DESTINATION = SPECIAL,SAT
EH02,DESTINATION = SPECIAL,SUN
EH04,DESTINATION = SPECIAL,M-F
EH04,DESTINATION = SPECIAL,SAT
EH06,DESTINATION = SPECIAL,M-F
EH06,DESTINATION = SPECIAL,SAT
EH06,DESTINATION = SPECIAL,SUN
EH08,DESTINATION = SPECIAL,SAT
EH10,DESTINATION = SPECIAL,SAT
EH10,DESTINATION = SPECIAL,SUN
EH12,DESTINATION = SPECIAL,SAT
EH14,DESTINATION = SPECIAL,SAT
EH14,DESTINATION = SPECIAL,SUN
EH16,DESTINATION = SPECIAL,SAT
EH18,DESTINATION = SPECIAL,SAT
EH18,DESTINATION = SPECIAL,SUN
EH20,DESTINATION = SPECIAL,M-F
EH20,DESTINATION = SPECIAL,SAT
EH22,DESTINATION = SPECIAL,M-F
EH22,DESTINATION = SPECIAL,SAT
EH22,DESTINATION = SPECIAL,SUN
EH24,DESTINATION = SPECIAL,M-F
EH30,DESTINATION = SPECIAL,M-F
EH32,DESTINATION = SPECIAL,M-F
EH38,DESTINATION = SPECIAL,M-F
EH40,DESTINATION = SPECIAL,M-F
EH42,DESTINATION = SPECIAL,M-F
EH46,DESTINATION = SPECIAL,M-F
EK02,DESTINATION = SPECIAL,SAT
EK04,DESTINATION = SPECIAL,M-F
EK04,DESTINATION = SPECIAL,SUN
EK06,DESTINATION = SPECIAL,M-F
EK08,DESTINATION = SPECIAL,M-F
EK12,DESTINATION = SPECIAL,M-F
EK14,DESTINATION = SPECIAL,M-F
EK16,DESTINATION = SPECIAL,M-F
EK20,DESTINATION = SPECIAL,M-F
EK22,DESTINATION = SPECIAL,M-F
EK41,DESTINATION = SPECIAL,M-F
EK42,DESTINATION = SPECIAL,M-F
EK44,DESTINATION = SPECIAL,M-F
EK56,DESTINATION = SPECIAL,M-F
EK76,DESTINATION = SPECIAL,M-F
EL02,DESTINATION = SPECIAL,M-F
EL04,DESTINATION = SPECIAL,M-F
EL05,DESTINATION = SPECIAL,M-F
EL06,DESTINATION = SPECIAL,M-F
EL08,DESTINATION = SPECIAL,M-F
EL09,DESTINATION = SPECIAL,M-F
EL11,DESTINATION = SPECIAL,M-F
EL15,DESTINATION = SPECIAL,M-F
EL23,DESTINATION = SPECIAL,M-F
EL25,DESTINATION = SPECIAL,M-F
ELT1,DESTINATION = SPECIAL,M-F
ELX7,DESTINATION = SPECIAL,M-F
EM55,DESTINATION = SPECIAL,M-F
EM57,DESTINATION = SPECIAL,M-F
EP29,DESTINATION = SPECIAL,M-F
EP43,DESTINATION = SPECIAL,M-F
EP61,DESTINATION = SPECIAL,M-F
EP65,DESTINATION = SPECIAL,M-F
EP73,DESTINATION = SPECIAL,M-F
EP77,DESTINATION = SPECIAL,M-F
EP81,DESTINATION = SPECIAL,M-F
EQ05,DESTINATION = SPECIAL,SUN
EQ07,DESTINATION = SPECIAL,SUN
EQ09,DESTINATION = SPECIAL,M-F
EQ11,DESTINATION = SPECIAL,M-F
EQ99,DESTINATION = SPECIAL,M-F
EQ99,DESTINATION = SPECIAL,SAT
EQ99,DESTINATION = SPECIAL,SUN
ER02,DESTINATION = SPECIAL,SAT
ER02,DESTINATION = SPECIAL,SUN
ER04,DESTINATION = SPECIAL,SAT
ER04,DESTINATION = SPECIAL,SUN
ER06,DESTINATION = SPECIAL,M-F
ER06,DESTINATION = SPECIAL,SAT
ER06,DESTINATION = SPECIAL,SUN
ER08,DESTINATION = SPECIAL,SAT
ER08,DESTINATION = SPECIAL,SUN
ER10,DESTINATION = SPECIAL,M-F
ER10,DESTINATION = SPECIAL,SAT
ER10,DESTINATION = SPECIAL,SUN
ER12,DESTINATION = SPECIAL,M-F
ER12,DESTINATION = SPECIAL,SAT
ER12,DESTINATION = SPECIAL,SUN
ER14,DESTINATION = SPECIAL,SAT
ER14,DESTINATION = SPECIAL,SUN
ER16,DESTINATION = SPECIAL,SAT
ER16,DESTINATION = SPECIAL,SUN
ER18,DESTINATION = SPECIAL,SAT
ER18,DESTINATION = SPECIAL,SUN
ER20,DESTINATION = SPECIAL,SAT
ER20,DESTINATION = SPECIAL,SUN
ER22,DESTINATION = SPECIAL,SAT
ER22,DESTINATION = SPECIAL,SUN
ER24,DESTINATION = SPECIAL,SAT
ER24,DESTINATION = SPECIAL,SUN
ER26,DESTINATION = SPECIAL,SAT
ER26,DESTINATION = SPECIAL,SUN
ER28,DESTINATION = SPECIAL,SAT
ER28,DESTINATION = SPECIAL,SUN
ER30,DESTINATION = SPECIAL,SAT
ER32,DESTINATION = SPECIAL,SAT
ER32,DESTINATION = SPECIAL,SUN
ER34,DESTINATION = SPECIAL,SAT
ER34,DESTINATION = SPECIAL,SUN
ER36,DESTINATION = SPECIAL,SAT
ER38,DESTINATION = SPECIAL,SAT
ER40,DESTINATION = SPECIAL,SAT
ER42,DESTINATION = SPECIAL,SAT
ER44,DESTINATION = SPECIAL,SAT
ER46,DESTINATION = SPECIAL,SAT
ER48,DESTINATION = SPECIAL,SAT
ER50,DESTINATION = SPECIAL,SAT
ER52,DESTINATION = SPECIAL,SAT
ER54,DESTINATION = SPECIAL,SAT
ER56,DESTINATION = SPECIAL,SAT
ER58,DESTINATION = SPECIAL,SAT
ER60,DESTINATION = SPECIAL,SAT
ER62,DESTINATION = SPECIAL,SAT
ER64,DESTINATION = SPECIAL,SAT
ER66,DESTINATION = SPECIAL,M-F
ER66,DESTINATION = SPECIAL,SAT
ER68,DESTINATION = SPECIAL,SAT
ER70,DESTINATION = SPECIAL,M-F
ER70,DESTINATION = SPECIAL,SAT
ER72,DESTINATION = SPECIAL,SAT
ER74,DESTINATION = SPECIAL,M-F
ER74,DESTINATION = SPECIAL,SAT
ER76,DESTINATION = SPECIAL,M-F
ER76,DESTINATION = SPECIAL,SAT
ER78,DESTINATION = SPECIAL,SAT
ER80,DESTINATION = SPECIAL,M-F
ER80,DESTINATION = SPECIAL,SAT
ER82,DESTINATION = SPECIAL,M-F
ER84,DESTINATION = SPECIAL,M-F
ER84,DESTINATION = SPECIAL,SAT
ER86,DESTINATION = SPECIAL,SAT
ER94,DESTINATION = SPECIAL,SAT
ERN0,DESTINATION = SPECIAL,M-F
ERN0,DESTINATION = SPECIAL,SAT
ERN0,DESTINATION = SPECIAL,SUN
ERN1,DESTINATION = SPECIAL,M-F
ERN4,DESTINATION = SPECIAL,SAT
ES30,DESTINATION = SPECIAL,M-F
ES36,DESTINATION = SPECIAL,M-F
ES38,DESTINATION = SPECIAL,M-F
ES44,DESTINATION = SPECIAL,M-F
EU02,DESTINATION = SPECIAL,M-F
EU02,DESTINATION = SPECIAL,SAT
EU04,DESTINATION = SPECIAL,M-F
EU04,DESTINATION = SPECIAL,SAT
EU06,DESTINATION = SPECIAL,M-F
EU06,DESTINATION = SPECIAL,SAT
EU08,DESTINATION = SPECIAL,M-F
EU10,DESTINATION = SPECIAL,M-F
EU12,DESTINATION = SPECIAL,M-F
EU16,DESTINATION = SPECIAL,M-F
EU18,DESTINATION = SPECIAL,M-F
EU20,DESTINATION = SPECIAL,M-F
EU22,DESTINATION = SPECIAL,M-F
EU24,DESTINATION = SPECIAL,M-F
EU26,DESTINATION = SPECIAL,M-F
EU30,DESTINATION = SPECIAL,M-F
EU32,DESTINATION = SPECIAL,M-F
EU34,DESTINATION = SPECIAL,M-F
EU36,DESTINATION = SPECIAL,M-F
EU38,DESTINATION = SPECIAL,M-F
EU98,DESTINATION = SPECIAL,M-F
EU98,DESTINATION = SPECIAL,SAT
EU98,DESTINATION = SPECIAL,SUN
EV10,DESTINATION = SPECIAL,M-F
EV12,DESTINATION = SPECIAL,M-F
EV14,DESTINATION = SPECIAL,M-F
EV16,DESTINATION = SPECIAL,M-F
EVA0,DESTINATION = SPECIAL,M-F
EW27,DESTINATION = SPECIAL,M-F
EW33,DESTINATION = SPECIAL,M-F
EW35,DESTINATION = SPECIAL,M-F
EW39,DESTINATION = SPECIAL,M-F
EWA1,DESTINATION = SPECIAL,M-F
EY01,DESTINATION = SPECIAL,M-F
EY01,DESTINATION = SPECIAL,SAT
EY02,DESTINATION = SPECIAL,M-F
EY02,DESTINATION = SPECIAL,SAT
EY02,DESTINATION = SPECIAL,SUN
EY03,DESTINATION = SPECIAL,M-F
EY03,DESTINATION = SPECIAL,SAT
EY04,DESTINATION = SPECIAL,M-F
EY04,DESTINATION = SPECIAL,SAT
EY04,DESTINATION = SPECIAL,SUN
EY05,DESTINATION = SPECIAL,M-F
EY05,DESTINATION = SPECIAL,SAT
EY06,DESTINATION = SPECIAL,M-F
EY06,DESTINATION = SPECIAL,SAT
EY06,DESTINATION = SPECIAL,SUN
EY07,DESTINATION = SPECIAL,M-F
EY07,DESTINATION = SPECIAL,SAT
EY08,DESTINATION = SPECIAL,M-F
EY08,DESTINATION = SPECIAL,SAT
EY08,DESTINATION = SPECIAL,SUN
EY09,DESTINATION = SPECIAL,M-F
EY10,DESTINATION = SPECIAL,M-F
EY10,DESTINATION = SPECIAL,SUN
EY11,DESTINATION = SPECIAL,M-F
EY11,DESTINATION = SPECIAL,SUN
EY12,DESTINATION = SPECIAL,SUN
EY13,DESTINATION = SPECIAL,M-F
EY15,DESTINATION = SPECIAL,M-F
EY16,DESTINATION = SPECIAL,M-F
EY17,DESTINATION = SPECIAL,M-F
EY18,DESTINATION = SPECIAL,M-F
EY19,DESTINATION = SPECIAL,M-F
EY20,DESTINATION = SPECIAL,M-F
EY21,DESTINATION = SPECIAL,M-F
EY22,DESTINATION = SPECIAL,M-F
EY23,DESTINATION = SPECIAL,M-F
EY24,DESTINATION = SPECIAL,M-F
EY25,DESTINATION = SPECIAL,M-F
EY26,DESTINATION = SPECIAL,M-F
EY27,DESTINATION = SPECIAL,M-F
EY28,DESTINATION = SPECIAL,M-F
EY30,DESTINATION = SPECIAL,M-F
EY31,DESTINATION = SPECIAL,M-F
EY32,DESTINATION = SPECIAL,M-F
EY33,DESTINATION = SPECIAL,M-F
EY34,DESTINATION = SPECIAL,M-F
EY35,DESTINATION = SPECIAL,M-F
EY36,DESTINATION = SPECIAL,M-F
EY39,DESTINATION = SPECIAL,M-F
EY41,DESTINATION = SPECIAL,M-F
EY43,DESTINATION = SPECIAL,M-F
EY51,DESTINATION = SPECIAL,M-F
EY53,DESTINATION = SPECIAL,M-F
EY55,DESTINATION = SPECIAL,M-F
EY57,DESTINATION = SPECIAL,M-F
EY61,DESTINATION = SPECIAL,M-F
EY63,DESTINATION = SPECIAL,M-F
EY69,DESTINATION = SPECIAL,M-F
EY71,DESTINATION = SPECIAL,M-F
EY75,DESTINATION = SPECIAL,M-F
EY77,DESTINATION = SPECIAL,M-F
EY81,DESTINATION = SPECIAL,M-F
EYA1,DESTINATION = SPECIAL,SUN
EYA3,DESTINATION = SPECIAL,SUN
EYA5,DESTINATION = SPECIAL,SUN
EYA7,DESTINATION = SPECIAL,SUN
EYA9,DESTINATION = SPECIAL,SUN
EYP1,DESTINATION = SPECIAL,M-F
EYP6,DESTINATION = SPECIAL,M-F
H0T7,DESTINATION = SPECIAL,M-F
H0T9,DESTINATION = SPECIAL,M-F
H0W2,DESTINATION = SPECIAL,M-F
H0W2,DESTINATION = SPECIAL,SAT
H0W22,DESTINATION = SPECIAL,M-F
H0W23,DESTINATION = SPECIAL,M-F
H0W24,DESTINATION = SPECIAL,M-F
H0W3,DESTINATION = SPECIAL,M-F
H0W3,DESTINATION = SPECIAL,SUN
H0W4,DESTINATION = SPECIAL,SUN
H0W5,DESTINATION = SPECIAL,SUN
H0Z3,DESTINATION = SPECIAL,M-F
HDZ8,DESTINATION = SPECIAL,M-F
HF01,DESTINATION = SPECIAL,M-F
HF01,DESTINATION = SPECIAL,SAT
HF01,DESTINATION = SPECIAL,SUN
HF02,DESTINATION = SPECIAL,M-F
HF02,DESTINATION = SPECIAL,SAT
HF02,DESTINATION = SPECIAL,SUN
HF03,DESTINATION = SPECIAL,M-F
HF03,DESTINATION = SPECIAL,SAT
HF03,DESTINATION = SPECIAL,SUN
HF04,DESTINATION = SPECIAL,M-F
HF04,DESTINATION = SPECIAL,SAT
HF04,DESTINATION = SPECIAL,SUN
HGZ2,DESTINATION = SPECIAL,M-F
HKZ6,DESTINATION = SPECIAL,M-F
HYZ5,DESTINATION = SPECIAL,M-F
HYZ7,DESTINATION = SPECIAL,M-F
J501,RSW-IPS (ALL STATIONS),M-F
J501,RSW-IPS (ALL STATIONS),SAT
J501,RSW-IPS (ALL STATIONS),SUN
J503,RSW-IPS (ALL STATIONS),M-F
J503,RSW-IPS (ALL STATIONS),SAT
J503,RSW-IPS (ALL STATIONS),SUN
J505,RSW-IPS (ALL STATIONS),M-F
J505,RSW-IPS (ALL STATIONS),SAT
J505,RSW-IPS (ALL STATIONS),SUN
J507,RSW-IPS (ALL STATIONS),M-F
J507,RSW-IPS (ALL STATIONS),SAT
J507,RSW-IPS (ALL STATIONS),SUN
J509,RSW-IPS (ALL STATIONS),M-F
J509,RSW-IPS (ALL STATIONS),SAT
J509,RSW-IPS (ALL STATIONS),SUN
J511,RSW-IPS (ALL STATIONS),M-F
J511,RSW-IPS (ALL STATIONS),SAT
J511,RSW-IPS (ALL STATIONS),SUN
J513,RSW-IPS (ALL STATIONS),M-F
J513,RSW-IPS (ALL STATIONS),SAT
J513,RSW-IPS (ALL STATIONS),SUN
J515,RSW-IPS (ALL STATIONS),M-F
J515,RSW-IPS (ALL STATIONS),SAT
J515,RSW-IPS (ALL STATIONS),SUN
J517,RSW-IPS (ALL STATIONS),M-F
J517,RSW-IPS (ALL STATIONS),SAT
J517,RSW-IPS (ALL STATIONS),SUN
J519,RSW-IPS (ALL STATIONS),M-F
J519,RSW-IPS (ALL STATIONS),SAT
J519,RSW-IPS (ALL STATIONS),SUN
J521,RSW-IPS (ALL STATIONS),M-F
J521,RSW-IPS (ALL STATIONS),SAT
J521,RSW-IPS (ALL STATIONS),SUN
J523,RSW-IPS (ALL STATIONS),SAT
J523,RSW-IPS (ALL STATIONS),SUN
J525,RSW-IPS (ALL STATIONS),M-F
J525,RSW-IPS (ALL STATIONS),SAT
J525,RSW-IPS (ALL STATIONS),SUN
J527,RSW-IPS (ALL STATIONS),M-F
J527,RSW-IPS (ALL STATIONS),SAT
J527,RSW-IPS (ALL STATIONS),SUN
J529,RSW-IPS (ALL STATIONS),M-F
J529,RSW-IPS (ALL STATIONS),SAT
J529,RSW-IPS (ALL STATIONS),SUN
J531,RSW-IPS (ALL STATIONS),M-F
J531,RSW-IPS (ALL STATIONS),SAT
J531,RSW-IPS (ALL STATIONS),SUN
J533,RSW-IPS (ALL STATIONS),M-F
J533,RSW-IPS (ALL STATIONS),SAT
J533,RSW-IPS (ALL STATIONS),SUN
J535,RSW-IPS (ALL STATIONS),M-F
J535,RSW-IPS (ALL STATIONS),SAT
J535,RSW-IPS (ALL STATIONS),SUN
J537,RSW-IPS (ALL STATIONS),M-F
J537,RSW-IPS (ALL STATIONS),SAT
J537,RSW-IPS (ALL STATIONS),SUN
J539,RSW-IPS (ALL STATIONS),M-F
J541,RSW-IPS (ALL STATIONS),M-F
J602,IPS-RSW (ALL STATIONS),M-F
J602,IPS-RSW (ALL STATIONS),SAT
J602,IPS-RSW (ALL STATIONS),SUN
J604,IPS-RSW (ALL STATIONS),SAT
J604,IPS-RSW (ALL STATIONS),SUN
J606,IPS-RSW (ALL STATIONS),M-F
J606,IPS-RSW (ALL STATIONS),SAT
J606,IPS-RSW (ALL STATIONS),SUN
J608,IPS-RSW (ALL STATIONS),M-F
J608,IPS-RSW (ALL STATIONS),SAT
J608,IPS-RSW (ALL STATIONS),SUN
J610,IPS-RSW (ALL STATIONS),SAT
J610,IPS-RSW (ALL STATIONS),SUN
J612,IPS-RSW (ALL STATIONS),M-F
J612,IPS-RSW (ALL STATIONS),SAT
J612,IPS-RSW (ALL STATIONS),SUN
J614,IPS-RSW (ALL STATIONS),M-F
J614,IPS-RSW (ALL STATIONS),SAT
J614,IPS-RSW (ALL STATIONS),SUN
J616,IPS-RSW (ALL STATIONS),M-F
J616,IPS-RSW (ALL STATIONS),SAT
J616,IPS-RSW (ALL STATIONS),SUN
J618,IPS-RSW (ALL STATIONS),M-F
J618,IPS-RSW (ALL STATIONS),SAT
J618,IPS-RSW (ALL STATIONS),SUN
J620,IPS-RSW (ALL STATIONS),M-F
J620,IPS-RSW (ALL STATIONS),SAT
J620,IPS-RSW (ALL STATIONS),SUN
J622,IPS-RSW (ALL STATIONS),M-F
J622,IPS-RSW (ALL STATIONS),SAT
J622,IPS-RSW (ALL STATIONS),SUN
J624,IPS-RSW (ALL STATIONS),M-F
J624,IPS-RSW (ALL STATIONS),SAT
J624,IPS-RSW (ALL STATIONS),SUN
J626,IPS-RSW (ALL STATIONS),SAT
J626,IPS-RSW (ALL STATIONS),SUN
J628,IPS-RSW (ALL STATIONS),M-F
J628,IPS-RSW (ALL STATIONS),SAT
J628,IPS-RSW (ALL STATIONS),SUN
J630,IPS-RSW (ALL STATIONS),M-F
J630,IPS-RSW (ALL STATIONS),SAT
J630,IPS-RSW (ALL STATIONS),SUN
J632,IPS-RSW (ALL STATIONS),M-F
J632,IPS-RSW (ALL STATIONS),SAT
J632,IPS-RSW (ALL STATIONS),SUN
J634,IPS-RSW (ALL STATIONS),M-F
J634,IPS-RSW (ALL STATIONS),SAT
J634,IPS-RSW (ALL STATIONS),SUN
J636,IPS-RSW (ALL STATIONS),SAT
J636,IPS-RSW (ALL STATIONS),SUN
J638,IPS-RSW (ALL STATIONS),M-F
J638,IPS-RSW (ALL STATIONS),SAT
J640,IPS-RSW (ALL STATIONS),M-F
J640,IPS-RSW (ALL STATIONS),SAT
J642,IPS-RSW (ALL STATIONS),M-F
J644,IPS-RSW (ALL STATIONS),M-F
J646,IPS-RSW (ALL STATIONS),M-F
J648,IPS-RSW (ALL STATIONS),M-F
T001,IPS-BHI (ALL STATIONS),M-F
T013,SFC-BHI (ALL STATIONS),M-F
T027,IPS-BHI (ALL STATIONS),M-F
T0T9,RSW-BHI (EXP DAR-IDP-MTZ),M-F
T0U9,IPS-BHI (EXP DAR-IDP-MTZ),M-F
T101,RST-CAB (ALL STATIONS),SAT
T101,RST-CAB (ALL STATIONS),SUN
T103,IPS-CAB (ALL STATIONS),SUN
T105,RSW-CAB (ALL STATIONS),M-F
T105,IPS-CAB (ALL STATIONS),SAT
T105,RST-CAB (ALL STATIONS),SUN
T107,SFC-CAB (ALL STATIONS),SUN
T111,IPS-CAB (ALL STATIONS),M-F
T113,IPS-CAB (ALL STATIONS),SAT
T115,IPS-CAB (ALL STATIONS),SUN
T117,IPS-CAB (ALL STATIONS),SUN
T119,IPS-CAB (ALL STATIONS),SAT
T121,IPS-CAB (ALL STATIONS),M-F
T121,IPS-CAB (ALL STATIONS),SUN
T127,IPS-CAB (ALL STATIONS),SAT
T127,IPS-CAB (ALL STATIONS),SUN
T129,IPS-CAB (ALL STATIONS),SAT
T129,IPS-CAB (ALL STATIONS),SUN
T131,IPS-CAB (ALL STATIONS),SUN
T135,RST-CAB (ALL STATIONS),M-F
T137,IPS-CAB (ALL STATIONS),SAT
T139,IPS-CAB (ALL STATIONS),SUN
T141,IPS-CAB (ALL STATIONS),SUN
T143,IPS-CAB (ALL STATIONS),SAT
T145,IPS-CAB (ALL STATIONS),SUN
T147,IPS-CAB (ALL STATIONS),SUN
T149,SFC-CAB (ALL STATIONS),M-F
T149,IPS-CAB (ALL STATIONS),SAT
T153,IPS-CAB (ALL STATIONS),SAT
T155,IPS-CAB (ALL STATIONS),SAT
T157,IPS-CAB (ALL STATIONS),SAT
T161,IPS-CAB (ALL STATIONS),SAT
T167,IPS-CAB (ALL STATIONS),M-F
T173,IPS-CAB (ALL STATIONS),M-F
T401,"RST-GYN (EXP BHI-NTG, PET-CAB)",M-F
T401,"RST-GYN (EXP BHI-NTG, PET-CAB)",SAT
T401,"RST-GYN (EXP BHI-NTG, PET-CAB)",SUN
T403,"RST-GYN (EXP BHI-NTG, PET-CAB)",M-F
T403,"RST-GYN (EXP BHI-NTG, PET-CAB)",SUN
T508,BHI-IPS (ALL STATIONS),SAT
T508,NBR-IPS (EXP PET-NTG),SUN
T510,NBR-IPS (EXP PET-NTG),M-F
T510,CAB-IPS (EXP PET-NTG),SAT
T510,CAB-IPS (EXP PET-NTG),SUN
T512,CAB-IPS (EXP PET-NTG),M-F
T512,CAB-IPS (EXP PET-NTG),SUN
T514,NBR-IPS (EXP PET-NTG),SAT
T514,NBR-IPS (EXP PET-NTG),SUN
T518,CAB-IPS (EXP PET-NTG),SAT
T518,CAB-IPS (EXP PET-NTG),SUN
T520,NBR-IPS (EXP PET-NTG),M-F
T520,NBR-IPS (EXP PET-NTG),SAT
T520,NBR-IPS (EXP PET-NTG),SUN
T526,CAB-IPS (EXP PET-NTG),M-F
T526,NBR-IPS (EXP PET-NTG),SAT
T526,NBR-IPS (EXP PET-NTG),SUN
T528,CAB-IPS (EXP PET-NTG),SUN
T530,NBR-IPS (EXP PET-NTG),M-F
T530,CAB-IPS (EXP PET-NTG),SAT
T530,CAB-IPS (EXP PET-NTG),SUN
T532,NBR-IPS (EXP PET-NTG),SAT
T532,NBR-IPS (EXP PET-NTG),SUN
T534,CAB-IPS (EXP PET-NTG),SAT
T534,CAB-IPS (EXP PET-NTG),SUN
T538,NBR-IPS (EXP PET-NTG),SAT
T538,NBR-IPS (EXP PET-NTG),SUN
T544,NBR-IPS (EXP PET-NTG),SAT
T544,NBR-IPS (EXP PET-NTG),SUN
T546,CAB-IPS (EXP PET-NTG),SAT
T546,CAB-IPS (EXP PET-NTG),SUN
T548,CAB-IPS (EXP PET-NTG),M-F
T548,CAB-IPS (EXP PET-NTG),SUN
T550,BHI-IPS (ALL STATIONS),M-F
T550,NBR-IPS (EXP PET-NTG),SAT
T550,NBR-IPS (EXP PET-NTG),SUN
T552,BHI-IPS (ALL STATIONS),M-F
T554,CAB-IPS (EXP PET-NTG),SAT
T554,CAB-IPS (EXP PET-NTG),SUN
T556,NBR-IPS (EXP PET-NTG),SAT
T556,NBR-IPS (EXP PET-NTG),SUN
T560,NBR-IPS (EXP PET-NTG),M-F
T562,NBR-IPS (EXP PET-NTG),SAT
T562,NBR-IPS (EXP PET-NTG),SUN
T564,CAB-IPS (EXP PET-NTG),M-F
T564,CAB-IPS (EXP PET-NTG),SUN
T566,NBR-IPS (EXP PET-NTG),M-F
T566,CAB-IPS (EXP PET-NTG),SAT
T566,CAB-IPS (EXP PET-NTG),SUN
T568,NBR-IPS (EXP PET-NTG),SAT
T568,NBR-IPS (EXP PET-NTG),SUN
T570,CAB-IPS (EXP PET-NTG),SAT
T572,NBR-IPS (EXP PET-NTG),M-F
T574,NBR-IPS (EXP PET-NTG),SAT
T578,NBR-IPS (EXP PET-NTG),M-F
T580,NBR-IPS (EXP PET-NTG),SAT
T582,CAB-IPS (EXP PET-NTG),SAT
T5X8,BHI-IPS (EXP MTZ-IDP-DAR),M-F
T5Y6,BHI-IPS (EXP MTZ-IDP-DAR),M-F
T604,CAB-RSW (EXP PET-NTG),M-F
T704,BHI-BNH (ALL STATIONS),M-F
T706,BHI-BNH (ALL STATIONS),M-F
T716,FYG-BNH (ALL STATIONS),M-F
T718,FYG-BNH (ALL STATIONS),M-F
T720,FYG-BNH (ALL STATIONS),M-F
T724,FYG-BNH (ALL STATIONS),M-F
T726,FYG-BNH (ALL STATIONS),M-F
T730,FYG-BNH (ALL STATIONS),M-F
T742,FYG-BNH (ALL STATIONS),M-F
T746,FYG-BNH (ALL STATIONS),M-F
T748,FYG-BNH (ALL STATIONS),M-F
T766,FYG-BNH (ALL STATIONS),M-F
T770,FYG-BNH (ALL STATIONS),M-F
T772,FYG-BNH (ALL STATIONS),M-F
T776,FYG-BNH (ALL STATIONS),M-F
T780,FYG-BNH (ALL STATIONS),M-F
T788,FYG-BNH (ALL STATIONS),M-F
T792,FYG-BNH (ALL STATIONS),M-F
T794,FYG-BNH (ALL STATIONS),M-F
T798,FYG-BNH (ALL STATIONS),M-F
T7Y6,FYG-BNH (EXP BGR-MQK),M-F
T858,NTG-CVN (ALL STATIONS),M-F
T880,SHC-CVN (ALL STATIONS),M-F
T898,SHC-CVN (ALL STATIONS),M-F
T904,GYN-RST (EXP CAB-PET-NTG-BHI),SAT
T912,NBR-RST (EXP PET-NTG),M-F
T940,CAB-RST (EXP PET-NTG),M-F
T946,GYN-RST (EXP CAB-PET-NTG-BHI),M-F
T946,GYN-RST (EXP CAB-PET-NTG-BHI),SUN
T956,KPR-RST (EXP NTG-EGJ-BHI),M-F
T962,GYN-RST (EXP CAB-PET-NTG-BHI),M-F
T970,KPR-RST (EXP NTG-EGJ-BHI),M-F
T998,FYG-RST (ALL STATIONS),M-F
T9A2,KPR-RST (EXP NTG-EGJ-BHI),M-F
TA27,MNY-SHC (ALL STATIONS),M-F
TA83,CVN-SHC (EXP MNY-MJE),M-F
TAA5,CVN-SHC (ALL STATIONS),M-F
TB05,RST-DBN (ALL STATIONS),M-F
TB15,MNY-DBN (ALL STATIONS),M-F
TB21,RST-DBN (ALL STATIONS),M-F
TB27,RST-DBN (ALL STATIONS),M-F
TB33,RST-DBN (ALL STATIONS),M-F
TB39,RST-DBN (ALL STATIONS),M-F
TB45,RST-DBN (ALL STATIONS),M-F
TB49,BGR-DBN (ALL STATIONS),M-F
TB55,RST-DBN (ALL STATIONS),M-F
TD02,NBR-RST (EXP PET-NTG),M-F
TD08,NBR-RST (EXP PET-NTG),M-F
TE05,BGR-FYG (ALL STATIONS),M-F
TE09,BNH-FYG (ALL STATIONS),M-F
TE15,BNH-FYG (ALL STATIONS),M-F
TE17,RST-FYG (ALL STATIONS),M-F
TE19,BNH-FYG (ALL STATIONS),M-F
TE25,RST-FYG (ALL STATIONS),M-F
TE27,BNH-FYG (ALL STATIONS),M-F
TE29,BNH-FYG (ALL STATIONS),M-F
TE33,BNH-FYG (ALL STATIONS),M-F
TE35,RST-FYG (ALL STATIONS),M-F
TE43,KRY-FYG (ALL STATIONS),M-F
TE47,BNH-FYG (ALL STATIONS),M-F
TE55,CEP-FYG (ALL STATIONS),M-F
TE57,BNH-FYG (ALL STATIONS),M-F
TE65,BNH-FYG (ALL STATIONS),M-F
TE69,BNH-FYG (ALL STATIONS),M-F
TE77,BNH-FYG (ALL STATIONS),M-F
TE79,CEP-FYG (ALL STATIONS),M-F
TE81,BNH-FYG (ALL STATIONS),M-F
TE87,CEP-FYG (ALL STATIONS),M-F
TE89,BNH-FYG (ALL STATIONS),M-F
TE91,CEP-FYG (ALL STATIONS),M-F
TE99,CEP-FYG (ALL STATIONS),M-F
TEA3,CEP-FYG (ALL STATIONS),M-F
TEB3,RST-FYG (ALL STATIONS),M-F
TEB5,CEP-FYG (ALL STATIONS),M-F
TEC1,CEP-FYG (ALL STATIONS),M-F
TEC3,BNH-FYG (ALL STATIONS),M-F
TEC9,RST-FYG (ALL STATIONS),M-F
TED1,BNH-FYG (ALL STATIONS),M-F
TED7,CEP-FYG (ALL STATIONS),M-F
TEE5,BNH-FYG (ALL STATIONS),M-F
TEE9,BNH-FYG (ALL STATIONS),M-F
TEF1,BNH-FYG (ALL STATIONS),M-F
TEF5,BNH-FYG (ALL STATIONS),M-F
TEG3,BNH-FYG (ALL STATIONS),M-F
TH10,NTG-MNY (ALL STATIONS),M-F
TH20,SHC-CNQ (ALL STATIONS),M-F
TH28,NTG-CNQ (ALL STATIONS),M-F
TH36,NTG-CNQ (ALL STATIONS),M-F
TK02,BHI-SFC (ALL STATIONS),SUN
TK48,NBR-SFC (EXP PET-NTG),M-F
TK60,KPR-SFC (EXP NTG-EGJ-BHI),M-F
TK74,NBR-SFC (EXP PET-NTG),M-F
TK86,KPR-SFC (EXP NTG-EGJ-BHI),M-F
TL01,RSW-NBR (ALL STATIONS),M-F
TL01,IPS-NBR (ALL STATIONS),SAT
TL01,IPS-NBR (ALL STATIONS),SUN
TL03,SFC-NBR (ALL STATIONS),M-F
TL03,IPS-NBR (ALL STATIONS),SAT
TL03,SFC-NBR (ALL STATIONS),SUN
TL05,IPS-NBR (ALL STATIONS),SAT
TL05,IPS-NBR (ALL STATIONS),SUN
TL07,IPS-NBR (ALL STATIONS),M-F
TL07,IPS-NBR (ALL STATIONS),SAT
TL07,IPS-NBR (ALL STATIONS),SUN
TL09,IPS-NBR (ALL STATIONS),SAT
TL09,IPS-NBR (ALL STATIONS),SUN
TL11,IPS-NBR (ALL STATIONS),M-F
TL11,IPS-NBR (ALL STATIONS),SAT
TL11,IPS-NBR (ALL STATIONS),SUN
TL13,RST-NBR (ALL STATIONS),M-F
TL13,IPS-NBR (ALL STATIONS),SAT
TL13,IPS-NBR (ALL STATIONS),SUN
TL15,IPS-NBR (ALL STATIONS),SAT
TL15,IPS-NBR (ALL STATIONS),SUN
TL17,IPS-NBR (ALL STATIONS),SAT
TL17,IPS-NBR (ALL STATIONS),SUN
TL19,IPS-NBR (ALL STATIONS),SAT
TL19,IPS-NBR (ALL STATIONS),SUN
TL21,RST-NBR (ALL STATIONS),M-F
TL27,IPS-NBR (ALL STATIONS),M-F
TL29,IPS-NBR (ALL STATIONS),M-F
TL31,IPS-NBR (ALL STATIONS),M-F
TL33,IPS-NBR (ALL STATIONS),M-F
TM13,IPS-BHI (ALL STATIONS),SUN
TM15,KRY-BHI (ALL STATIONS),M-F
TM23,CEP-BHI (ALL STATIONS),M-F
TM27,CEP-BHI (ALL STATIONS),M-F
TM43,CVN-BHI (ALL STATIONS),M-F
TP33,RST-BDT (ALL STATIONS),M-F
TR02,DBN-RST (ALL STATIONS),M-F
TR10,FYG-RST (ALL STATIONS),M-F
TR12,GYN-RST (EXP CAB-PET-NTG-BHI),SAT
TR18,DBN-RST (ALL STATIONS),M-F
TR22,BDT-RST (ALL STATIONS),M-F
TR26,DBN-RST (ALL STATIONS),M-F
TR34,DBN-RST (ALL STATIONS),M-F
TR42,DBN-RST (ALL STATIONS),M-F
TR48,DBN-RST (ALL STATIONS),M-F
TR54,DBN-RST (ALL STATIONS),M-F
TR62,DBN-RST (ALL STATIONS),M-F
TS02,BHI-BGR (ALL STATIONS),M-F
TS20,FYG-BGR (ALL STATIONS),M-F
TS28,FYG-BGR (ALL STATIONS),M-F
TS54,FYG-BGR (ALL STATIONS),M-F
TV04,FYG-CEP (ALL STATIONS),M-F
TV06,FYG-CEP (ALL STATIONS),M-F
TV08,FYG-CEP (ALL STATIONS),M-F
TV12,FYG-CEP (ALL STATIONS),M-F
TV24,FYG-CEP (ALL STATIONS),M-F
TV28,FYG-CEP (ALL STATIONS),M-F
TV30,FYG-CEP (ALL STATIONS),M-F
TV34,FYG-CEP (ALL STATIONS),M-F
TV36,FYG-CEP (ALL STATIONS),M-F
TV40,FYG-CEP (ALL STATIONS),M-F
TVX2,FYG-KRY (EXP BGR-CEP),M-F
TVX4,DBN-KRY (EXP BGR-CEP),M-F
TW17,CNQ-NTG (ALL STATIONS),M-F
TW25,CNQ-NTG (ALL STATIONS),M-F
TY41,RST-KPR (EXP BHI-EGJ-NTG),M-F
TY49,RST-KPR (EXP BHI-EGJ-NTG),M-F
TY53,RST-KPR (EXP BHI-EGJ-NTG),M-F
TY57,RSW-KPR (EXP BHI-EGJ-NTG),M-F
TY73,IPS-KPR (EXP BHI-EGJ-NTG),M-F
TY93,SFC-KPR (EXP BHI-EGJ-NTG),M-F
